seen_at_utc,plate,plate_raw,confidence,vehicle_class,camera_id,department,location,clock_source,provenance
2026-09-28T14:19:48+00:00,GJ18EF6465,GJ18EF6465,0.99,car,cam06,GSRTC,06 Timbavadi gate-Junagadh,rtsp-live,live
2026-09-28T14:19:42+00:00,GJ11CQ2424,GJ11CQ2424,0.98,motorcycle,cam06,GSRTC,06 Timbavadi gate-Junagadh,rtsp-live,live
2026-09-28T14:19:25+00:00,GJ05RC9303,GJ05RC9303,0.91,car,cam06,GSRTC,06 Timbavadi gate-Junagadh,rtsp-live,live
2026-09-28T14:19:16+00:00,GJ03KP7434,GJ03KP7434,0.97,motorcycle,cam06,GSRTC,06 Timbavadi gate-Junagadh,rtsp-live,live
2026-09-28T14:19:01+00:00,GJ11BH7685,GJ11BH7685,0.87,truck,cam06,GSRTC,06 Timbavadi gate-Junagadh,rtsp-live,live
2026-09-28T14:19:01+00:00,GJ11BH7835,6J11BH7835,0.80,bus,cam06,GSRTC,06 Timbavadi gate-Junagadh,rtsp-live,live
2026-09-28T14:18:39+00:00,GJ11CH8698,GJ11CH8698,0.97,car,cam06,GSRTC,06 Timbavadi gate-Junagadh,rtsp-live,live
2026-09-28T14:17:42+00:00,GJ01RA3681,'-GJO1RA3681,0.90,car,cam06,GSRTC,06 Timbavadi gate-Junagadh,rtsp-live,live
2026-09-28T14:17:31+00:00,GJ18BL4660,GJ188L4660,0.97,truck,cam06,GSRTC,06 Timbavadi gate-Junagadh,rtsp-live,live
2026-09-28T14:15:17+00:00,GJ01KN1659,GJ01KN1659,0.98,truck,cam06,GSRTC,06 Timbavadi gate-Junagadh,rtsp-live,live
2026-09-28T14:14:13+00:00,GJ11,GJ11,1.00,car,cam06,GSRTC,06 Timbavadi gate-Junagadh,rtsp-live,live
2026-09-28T14:12:57+00:00,GJ32AA2854,GJ32AA2854,0.91,truck,cam06,GSRTC,06 Timbavadi gate-Junagadh,rtsp-live,live
2026-09-28T14:12:13+00:00,GJ10OM2875,GJ100M2875,0.93,car,cam06,GSRTC,06 Timbavadi gate-Junagadh,rtsp-live,live
2026-09-28T14:11:44+00:00,GJ11BR0928,6J118R0928,0.91,motorcycle,cam06,GSRTC,06 Timbavadi gate-Junagadh,rtsp-live,live
2026-09-28T14:11:19+00:00,GJ11CH3274,GJ11CH3274,1.00,car,cam06,GSRTC,06 Timbavadi gate-Junagadh,rtsp-live,live
2026-09-28T14:11:04+00:00,GJ03ER8216,GJ03ER8216,0.95,car,cam06,GSRTC,06 Timbavadi gate-Junagadh,rtsp-live,live
2026-09-28T14:10:30+00:00,GJ11DB2886,GJ11DB2886,0.82,car,cam06,GSRTC,06 Timbavadi gate-Junagadh,rtsp-live,live
2026-09-28T14:09:14+00:00,GJ01RS5926,6J01RS5926,0.90,car,cam06,GSRTC,06 Timbavadi gate-Junagadh,rtsp-live,live
2026-09-28T14:08:57+00:00,GJ32X9819,GJ32 X 9819,0.93,bus,cam06,GSRTC,06 Timbavadi gate-Junagadh,rtsp-live,live
2026-09-28T14:08:13+00:00,GJ11BH2735,GJ11BH2735,0.64,motorcycle,cam06,GSRTC,06 Timbavadi gate-Junagadh,rtsp-live,live
2026-09-28T14:08:07+00:00,GJ37AB9445,GJ37A89445,0.95,car,cam06,GSRTC,06 Timbavadi gate-Junagadh,rtsp-live,live
2026-09-28T12:56:58+00:00,GJ18ZT2013,GJ18ZT2013,0.99,bus,cam06,GSRTC,06 Timbavadi gate-Junagadh,rtsp-live,live
2026-09-28T12:56:04+00:00,GJ03JR8399,GJ03JR8399,0.97,car,cam06,GSRTC,06 Timbavadi gate-Junagadh,rtsp-live,live
2026-09-28T12:55:46+00:00,GJ03LG9656,'-GJ03LG9656,0.91,car,cam06,GSRTC,06 Timbavadi gate-Junagadh,rtsp-live,live
2026-09-28T12:54:16+00:00,GJ01RS9114,GJ01RS9114,0.94,car,cam06,GSRTC,06 Timbavadi gate-Junagadh,rtsp-live,live
2026-09-28T12:54:04+00:00,GJ36B4094,6J3684094,0.89,bus,cam06,GSRTC,06 Timbavadi gate-Junagadh,rtsp-live,live
2026-09-28T12:53:58+00:00,GJ36R4094,6J36R4094,0.92,motorcycle,cam06,GSRTC,06 Timbavadi gate-Junagadh,rtsp-live,live
2026-09-28T12:52:39+00:00,GJ03PR5082,GJ03PR5082,0.92,car,cam06,GSRTC,06 Timbavadi gate-Junagadh,rtsp-live,live
2026-09-28T12:52:15+00:00,GJ10ON2875,GJ100N2875,0.94,motorcycle,cam06,GSRTC,06 Timbavadi gate-Junagadh,rtsp-live,live
2026-09-28T12:51:09+00:00,GJ11VY7338,GJ11VY7338,0.91,car,cam06,GSRTC,06 Timbavadi gate-Junagadh,rtsp-live,live
2026-09-28T12:50:55+00:00,GJ03ER8216,GJ03ER8216,0.98,car,cam06,GSRTC,06 Timbavadi gate-Junagadh,rtsp-live,live
2026-09-28T12:50:18+00:00,GJ02CL3526,6J0ZCL3526,0.89,car,cam06,GSRTC,06 Timbavadi gate-Junagadh,rtsp-live,live
2026-09-28T12:49:25+00:00,GJ11BR8190,6J118R8190,0.90,car,cam06,GSRTC,06 Timbavadi gate-Junagadh,rtsp-live,live
2026-09-28T12:49:00+00:00,GJ01RS5926,GJ01R55926,0.57,car,cam06,GSRTC,06 Timbavadi gate-Junagadh,rtsp-live,live
2026-09-28T12:48:58+00:00,GJ03PO2863,6.J03P02863,0.86,car,cam06,GSRTC,06 Timbavadi gate-Junagadh,rtsp-live,live
2026-09-28T12:46:45+00:00,GJ18BB5253,GJ18885253,0.96,motorcycle,cam06,GSRTC,06 Timbavadi gate-Junagadh,rtsp-live,live
2026-09-28T12:46:07+00:00,GJ17G1389,6J1761389,0.77,car,cam06,GSRTC,06 Timbavadi gate-Junagadh,rtsp-live,live
2026-09-28T12:46:05+00:00,GJ17G1388,GJ1761388,0.77,bus,cam06,GSRTC,06 Timbavadi gate-Junagadh,rtsp-live,live
2026-09-28T12:46:04+00:00,GJ32B2702,GJ32 B 2702,0.81,motorcycle,cam06,GSRTC,06 Timbavadi gate-Junagadh,rtsp-live,live
2026-09-28T12:44:37+00:00,GJ11CO9625,GJ11C09625,0.94,car,cam06,GSRTC,06 Timbavadi gate-Junagadh,rtsp-live,live
2026-09-28T12:43:42+00:00,GJ11S7924,GJ11S7924,0.99,truck,cam06,GSRTC,06 Timbavadi gate-Junagadh,rtsp-live,live
2026-09-28T12:42:46+00:00,GJ32AG2883,GJ32AG2883,0.97,car,cam06,GSRTC,06 Timbavadi gate-Junagadh,rtsp-live,live
2026-09-28T12:42:43+00:00,GJ32AS2887,GJ3ZA52887,0.76,car,cam06,GSRTC,06 Timbavadi gate-Junagadh,rtsp-live,live
2026-09-28T12:41:52+00:00,GJ03PB5082,GJ03P85082,0.90,car,cam06,GSRTC,06 Timbavadi gate-Junagadh,rtsp-live,live
2026-09-28T12:40:41+00:00,GJ11BR0928,GJ118R0928,0.94,car,cam06,GSRTC,06 Timbavadi gate-Junagadh,rtsp-live,live
2026-09-28T12:40:08+00:00,GJ03JR5317,GJ03JR5317,1.00,car,cam06,GSRTC,06 Timbavadi gate-Junagadh,rtsp-live,live
2026-09-28T12:38:14+00:00,GJ01RS5926,6J01R55926,0.89,truck,cam06,GSRTC,06 Timbavadi gate-Junagadh,rtsp-live,live
2026-09-28T12:38:14+00:00,GJ01BS5926,6J018S5926,0.86,car,cam06,GSRTC,06 Timbavadi gate-Junagadh,rtsp-live,live
2026-09-28T12:36:21+00:00,GJ32K9985,GJ32K 9985,0.97,truck,cam06,GSRTC,06 Timbavadi gate-Junagadh,rtsp-live,live
2026-09-28T12:35:33+00:00,GJ11S9258,GJ1159258,0.99,truck,cam06,GSRTC,06 Timbavadi gate-Junagadh,rtsp-live,live
2026-09-28T12:35:16+00:00,GJ32B2702,GJ 32 B 2702,0.92,car,cam06,GSRTC,06 Timbavadi gate-Junagadh,rtsp-live,live
2026-09-28T12:34:29+00:00,GJ03MH7800,GJ03MH7800,0.93,car,cam06,GSRTC,06 Timbavadi gate-Junagadh,rtsp-live,live
2026-09-28T12:33:53+00:00,GJ11CO9625,GJ11C09625,0.95,car,cam06,GSRTC,06 Timbavadi gate-Junagadh,rtsp-live,live
2026-09-28T12:32:57+00:00,GJ11S7924,GJ11S7924,0.86,truck,cam06,GSRTC,06 Timbavadi gate-Junagadh,rtsp-live,live
2026-09-28T12:32:06+00:00,GJ32AG2883,GJ32AG2883,0.98,motorcycle,cam06,GSRTC,06 Timbavadi gate-Junagadh,rtsp-live,live
2026-09-28T12:31:09+00:00,GJ11CO3625,6J11C03625,0.92,car,cam06,GSRTC,06 Timbavadi gate-Junagadh,rtsp-live,live
2026-09-28T12:30:17+00:00,GJ11S7924,GJ11S7924,0.97,motorcycle,cam06,GSRTC,06 Timbavadi gate-Junagadh,rtsp-live,live
2026-09-28T12:29:22+00:00,GJ32AG2883,GJ32AG2883,0.96,motorcycle,cam06,GSRTC,06 Timbavadi gate-Junagadh,rtsp-live,live
2026-09-28T12:29:10+00:00,GJ03BI3681,GJ03813681,0.76,car,cam06,GSRTC,06 Timbavadi gate-Junagadh,rtsp-live,live
2026-09-28T12:28:25+00:00,GJ18BL4660,GJ188L4660,0.99,car,cam06,GSRTC,06 Timbavadi gate-Junagadh,rtsp-live,live
2026-09-28T12:28:22+00:00,GJ11CO8831,GJ11C08831,1.00,car,cam06,GSRTC,06 Timbavadi gate-Junagadh,rtsp-live,live
2026-09-28T12:27:52+00:00,GJ18ZT1782,GJ18ZT1782,0.76,truck,cam06,GSRTC,06 Timbavadi gate-Junagadh,rtsp-live,live
2026-09-28T12:27:21+00:00,GJ03LS6586,GJ03L56586,0.79,car,cam06,GSRTC,06 Timbavadi gate-Junagadh,rtsp-live,live
2026-09-28T12:27:06+00:00,GJ03LG9656,GJ03L69656,0.57,motorcycle,cam06,GSRTC,06 Timbavadi gate-Junagadh,rtsp-live,live
2026-09-28T12:26:59+00:00,GJ03IG9656,6J03169656,0.93,car,cam06,GSRTC,06 Timbavadi gate-Junagadh,rtsp-live,live
2026-09-28T12:26:46+00:00,GJ18BH7584,'-GJ188H7584,0.94,car,cam06,GSRTC,06 Timbavadi gate-Junagadh,rtsp-live,live
2026-09-28T12:26:38+00:00,GJ03AZ0644,6J03AZ0644,0.94,truck,cam06,GSRTC,06 Timbavadi gate-Junagadh,rtsp-live,live
2026-09-28T12:25:37+00:00,GJ01RS9114,GJ01R59114,0.90,motorcycle,cam06,GSRTC,06 Timbavadi gate-Junagadh,rtsp-live,live
2026-09-28T12:25:26+00:00,GJ11CH0340,GJ11CH0340,0.99,motorcycle,cam06,GSRTC,06 Timbavadi gate-Junagadh,rtsp-live,live
2026-09-28T12:25:17+00:00,GJ10CG4786,GJ10CG4786,0.74,motorcycle,cam06,GSRTC,06 Timbavadi gate-Junagadh,rtsp-live,live
2026-09-28T12:24:01+00:00,GJ32AA2864,GJ32AA2864,0.99,truck,cam06,GSRTC,06 Timbavadi gate-Junagadh,rtsp-live,live
2026-09-28T12:23:51+00:00,GJ03PR6082,GJO3PR6082,0.94,car,cam06,GSRTC,06 Timbavadi gate-Junagadh,rtsp-live,live
2026-09-28T12:22:38+00:00,GJ11BR0928,GJ11BR0928,0.95,car,cam06,GSRTC,06 Timbavadi gate-Junagadh,rtsp-live,live
2026-09-28T12:22:24+00:00,GJ03KH0407,GJO3KH0407,0.87,truck,cam06,GSRTC,06 Timbavadi gate-Junagadh,rtsp-live,live
2026-09-28T12:22:24+00:00,GJ11YY7338,GJ11YY7338,0.50,bus,cam06,GSRTC,06 Timbavadi gate-Junagadh,rtsp-live,live
2026-09-28T12:22:07+00:00,GJ03ER8216,GJ03ER8216,0.97,car,cam06,GSRTC,06 Timbavadi gate-Junagadh,rtsp-live,live
2026-09-28T12:21:32+00:00,GJ11DB2886,GJ11DB2886,1.00,car,cam06,GSRTC,06 Timbavadi gate-Junagadh,rtsp-live,live
2026-09-28T12:20:43+00:00,GJ11CO3491,GJ11C03491,0.96,car,cam06,GSRTC,06 Timbavadi gate-Junagadh,rtsp-live,live
2026-09-28T12:20:43+00:00,GJ11BR8190,GJ118R8190,0.94,motorcycle,cam06,GSRTC,06 Timbavadi gate-Junagadh,rtsp-live,live
2026-09-28T12:20:16+00:00,GJ03PD2863,GJ03PD2863,0.61,motorcycle,cam06,GSRTC,06 Timbavadi gate-Junagadh,rtsp-live,live
2026-09-28T12:20:12+00:00,GJ01RS5926,GJ01RS5926,0.92,truck,cam06,GSRTC,06 Timbavadi gate-Junagadh,rtsp-live,live
2026-09-28T12:20:12+00:00,GJ01BS5926,6J01855926,0.90,car,cam06,GSRTC,06 Timbavadi gate-Junagadh,rtsp-live,live
2026-09-28T12:20:08+00:00,GJ25AA4345,'-GJ25AA4345,0.96,motorcycle,cam06,GSRTC,06 Timbavadi gate-Junagadh,rtsp-live,live
2026-09-28T12:20:02+00:00,GJ32X9819,GJ32X 9819,0.91,motorcycle,cam06,GSRTC,06 Timbavadi gate-Junagadh,rtsp-live,live
2026-09-28T12:19:59+00:00,GJ05JF6480,GJ05JF6480,0.99,car,cam06,GSRTC,06 Timbavadi gate-Junagadh,rtsp-live,live
2026-09-28T12:19:58+00:00,GJ32K9819,GJ32 K 9819,0.97,car,cam06,GSRTC,06 Timbavadi gate-Junagadh,rtsp-live,live
2026-09-28T12:19:19+00:00,GJ11BD8889,GJ118D8889,0.83,motorcycle,cam06,GSRTC,06 Timbavadi gate-Junagadh,rtsp-live,live
2026-09-28T12:19:06+00:00,GJ37AB9445,GJ37AB9445,0.94,truck,cam06,GSRTC,06 Timbavadi gate-Junagadh,rtsp-live,live
2026-09-28T12:18:23+00:00,GJ32K9985,GJ32 K 9985,0.94,motorcycle,cam06,GSRTC,06 Timbavadi gate-Junagadh,rtsp-live,live
2026-09-28T12:18:21+00:00,GJ32X9985,6J32X9985,0.89,motorcycle,cam06,GSRTC,06 Timbavadi gate-Junagadh,rtsp-live,live
2026-09-28T12:17:52+00:00,GJ18BR5253,GJ188R5253,0.92,motorcycle,cam06,GSRTC,06 Timbavadi gate-Junagadh,rtsp-live,live
2026-09-28T12:17:44+00:00,GJ11BH0417,GJ118H0417,0.58,motorcycle,cam06,GSRTC,06 Timbavadi gate-Junagadh,rtsp-live,live
2026-09-28T12:17:31+00:00,GJ11S9258,GJ1159258,0.97,truck,cam06,GSRTC,06 Timbavadi gate-Junagadh,rtsp-live,live
2026-09-28T12:17:26+00:00,GJ03JC5583,GJ03JC5583,0.83,motorcycle,cam06,GSRTC,06 Timbavadi gate-Junagadh,rtsp-live,live
2026-09-28T12:17:08+00:00,GJ01N5538,GJO1N.5538,0.63,motorcycle,cam06,GSRTC,06 Timbavadi gate-Junagadh,rtsp-live,live
2026-09-28T12:16:34+00:00,GJ03JR1036,GJ03JR1036,0.89,car,cam06,GSRTC,06 Timbavadi gate-Junagadh,rtsp-live,live
2026-09-28T12:16:04+00:00,GJ01HM7952,GJ01HM7952,0.84,bus,cam06,GSRTC,06 Timbavadi gate-Junagadh,rtsp-live,live
2026-09-28T12:15:51+00:00,GJ11CG9625,GJ11C69625,0.79,car,cam06,GSRTC,06 Timbavadi gate-Junagadh,rtsp-live,live
2026-09-28T12:14:56+00:00,GJ11S7924,'-GJ11S7924,0.89,truck,cam06,GSRTC,06 Timbavadi gate-Junagadh,rtsp-live,live
2026-09-28T12:14:37+00:00,GJ23H1546,GJ23H1546.,0.96,car,cam06,GSRTC,06 Timbavadi gate-Junagadh,rtsp-live,live
2026-09-28T12:14:18+00:00,GJ18BL4660,GJ188L4660,0.95,motorcycle,cam06,GSRTC,06 Timbavadi gate-Junagadh,rtsp-live,live
2026-09-28T12:13:14+00:00,GJ11CO8831,GJ11C08831,0.97,car,cam06,GSRTC,06 Timbavadi gate-Junagadh,rtsp-live,live
2026-09-28T11:56:49+00:00,GJ03JR8399,GJ03JR8399,0.67,bus,cam06,GSRTC,06 Timbavadi gate-Junagadh,rtsp-live,live
2026-09-28T11:56:29+00:00,GJ03LG9656,GJ03LG9656,0.95,motorcycle,cam06,GSRTC,06 Timbavadi gate-Junagadh,rtsp-live,live
2026-09-28T11:56:11+00:00,GJ18BH7584,GJ188H7584,0.95,car,cam06,GSRTC,06 Timbavadi gate-Junagadh,rtsp-live,live
2026-09-28T11:55:32+00:00,GJ11BR2509,GJ11BR2509,0.99,motorcycle,cam06,GSRTC,06 Timbavadi gate-Junagadh,rtsp-live,live
2026-09-28T11:53:30+00:00,GJ32AA2864,GJ32AA2864,0.99,motorcycle,cam06,GSRTC,06 Timbavadi gate-Junagadh,rtsp-live,live
2026-09-28T11:53:18+00:00,GJ03PB5082,GJ03P85082,0.90,car,cam06,GSRTC,06 Timbavadi gate-Junagadh,rtsp-live,live
2026-09-28T11:52:50+00:00,GJ11BR0928,GJ11BR0928,0.97,car,cam06,GSRTC,06 Timbavadi gate-Junagadh,rtsp-live,live
2026-09-28T11:51:50+00:00,GJ03KH0407,GJ03KH0407,0.97,car,cam06,GSRTC,06 Timbavadi gate-Junagadh,rtsp-live,live
2026-09-28T11:51:31+00:00,GJ03ER8216,GJ03ER8216,0.98,car,cam06,GSRTC,06 Timbavadi gate-Junagadh,rtsp-live,live
2026-09-28T11:50:56+00:00,GJ11DB2886,GJ11DB2886,0.96,car,cam06,GSRTC,06 Timbavadi gate-Junagadh,rtsp-live,live
2026-09-28T11:50:10+00:00,GJ27AA0401,GJ27AA0401,0.89,car,cam06,GSRTC,06 Timbavadi gate-Junagadh,rtsp-live,live
2026-09-28T11:50:04+00:00,GJ11BR8190,GJ11BR8190,0.94,car,cam06,GSRTC,06 Timbavadi gate-Junagadh,rtsp-live,live
2026-09-28T11:49:33+00:00,GJ32K9819,GJ32 K 9819,0.90,motorcycle,cam06,GSRTC,06 Timbavadi gate-Junagadh,rtsp-live,live
2026-09-28T11:49:27+00:00,GJ32X9819,GJ32 X 9819,0.90,motorcycle,cam06,GSRTC,06 Timbavadi gate-Junagadh,rtsp-live,live
2026-09-28T11:49:23+00:00,GJ05JF6480,6.J05JF6480,0.91,car,cam06,GSRTC,06 Timbavadi gate-Junagadh,rtsp-live,live
2026-09-28T11:48:45+00:00,GJ11CD8889,GJ11CD8889,0.93,motorcycle,cam06,GSRTC,06 Timbavadi gate-Junagadh,rtsp-live,live
2026-09-28T11:48:30+00:00,GJ37AB9445,GJ37AB9445,0.99,truck,cam06,GSRTC,06 Timbavadi gate-Junagadh,rtsp-live,live
2026-09-28T11:47:50+00:00,GJ32X3985,GJ32X3985,0.80,motorcycle,cam06,GSRTC,06 Timbavadi gate-Junagadh,rtsp-live,live
2026-09-28T11:47:03+00:00,GJ03ME9186,GJ03ME9186,0.96,car,cam06,GSRTC,06 Timbavadi gate-Junagadh,rtsp-live,live
2026-09-28T11:46:51+00:00,GJ11G1388,GJ11 G 1388,0.89,motorcycle,cam06,GSRTC,06 Timbavadi gate-Junagadh,rtsp-live,live
2026-09-28T11:46:42+00:00,GJ03JC5583,GJ03JC5583,0.87,motorcycle,cam06,GSRTC,06 Timbavadi gate-Junagadh,rtsp-live,live
2026-09-28T11:45:57+00:00,GJ03MH7800,GJ03MH7800,0.96,car,cam06,GSRTC,06 Timbavadi gate-Junagadh,rtsp-live,live
2026-09-28T11:45:29+00:00,GJ01HM7952,'-6.JQ1HM7952,0.96,motorcycle,cam06,GSRTC,06 Timbavadi gate-Junagadh,rtsp-live,live
2026-09-28T11:45:19+00:00,GJ11CO9625,6J11C09625,0.79,car,cam06,GSRTC,06 Timbavadi gate-Junagadh,rtsp-live,live
2026-09-28T11:44:54+00:00,GJ03FX8807,GJ03FX8807,0.96,motorcycle,cam06,GSRTC,06 Timbavadi gate-Junagadh,rtsp-live,live
2026-09-28T11:44:21+00:00,GJ11S7924,GJ11S7924,0.97,truck,cam06,GSRTC,06 Timbavadi gate-Junagadh,rtsp-live,live
2026-09-28T11:44:03+00:00,GJ23H1546,GJ23H1546,0.87,truck,cam06,GSRTC,06 Timbavadi gate-Junagadh,rtsp-live,live
2026-09-28T11:42:53+00:00,GJ11CO3625,#GJ11C03625,0.92,truck,cam06,GSRTC,06 Timbavadi gate-Junagadh,rtsp-live,live
2026-09-28T11:27:06+00:00,GJ18ZT2013,GJ18ZT2013,0.99,bus,cam06,GSRTC,06 Timbavadi gate-Junagadh,rtsp-live,live
2026-09-28T11:26:19+00:00,GJ03JR8399,GJ03JR8399,0.97,bus,cam06,GSRTC,06 Timbavadi gate-Junagadh,rtsp-live,live
2026-09-28T11:26:01+00:00,GJ11CH4401,GJ11CH4401,0.59,motorcycle,cam06,GSRTC,06 Timbavadi gate-Junagadh,rtsp-live,live
2026-09-28T11:25:52+00:00,GJ11BB1008,GJ11881008,0.93,car,cam06,GSRTC,06 Timbavadi gate-Junagadh,rtsp-live,live
2026-09-28T11:25:22+00:00,GJ01KN1659,GJ01KN1659,0.95,motorcycle,cam06,GSRTC,06 Timbavadi gate-Junagadh,rtsp-live,live
2026-09-28T11:24:31+00:00,GJ11CH0340,GJ11CH0340,0.68,motorcycle,cam06,GSRTC,06 Timbavadi gate-Junagadh,rtsp-live,live
2026-09-28T11:24:14+00:00,GJ10CG4786,GJ10CG4786,0.94,motorcycle,cam06,GSRTC,06 Timbavadi gate-Junagadh,rtsp-live,live
2026-09-28T11:24:08+00:00,GJ11,GJ11,1.00,car,cam06,GSRTC,06 Timbavadi gate-Junagadh,rtsp-live,live
2026-09-28T11:22:54+00:00,GJ32AA2864,GJ32AA2864,1.00,truck,cam06,GSRTC,06 Timbavadi gate-Junagadh,rtsp-live,live
2026-09-28T11:21:20+00:00,GJ11CH3274,'-GJ11CH3274,0.97,motorcycle,cam06,GSRTC,06 Timbavadi gate-Junagadh,rtsp-live,live
2026-09-28T11:20:58+00:00,GJ03ER8216,GJ03ER8216,0.96,bus,cam06,GSRTC,06 Timbavadi gate-Junagadh,rtsp-live,live
2026-09-28T11:20:51+00:00,GJ11CO1637,'-GJ11C01637,0.92,motorcycle,cam06,GSRTC,06 Timbavadi gate-Junagadh,rtsp-live,live
2026-09-28T11:20:24+00:00,GJ11DB2886,GJ11DB2886,0.82,car,cam06,GSRTC,06 Timbavadi gate-Junagadh,rtsp-live,live
2026-09-28T11:18:03+00:00,GJ37AB9445,GJ37AB9445,0.98,car,cam06,GSRTC,06 Timbavadi gate-Junagadh,rtsp-live,live
2026-09-28T11:17:17+00:00,GJ32X9985,GJ32 X 9985,0.95,motorcycle,cam06,GSRTC,06 Timbavadi gate-Junagadh,rtsp-live,live
2026-09-28T11:16:54+00:00,GJ18BR5253,GJ188R5253,0.96,motorcycle,cam06,GSRTC,06 Timbavadi gate-Junagadh,rtsp-live,live
2026-09-28T11:16:50+00:00,GJ18BB5253,'-GJ18885253,0.93,motorcycle,cam06,GSRTC,06 Timbavadi gate-Junagadh,rtsp-live,live
2026-09-28T11:16:39+00:00,GJ11BH0417,GJ11BH0417,0.56,motorcycle,cam06,GSRTC,06 Timbavadi gate-Junagadh,rtsp-live,live
2026-09-28T11:16:31+00:00,GJ11S9258,GJ11S9Z58,0.97,motorcycle,cam06,GSRTC,06 Timbavadi gate-Junagadh,rtsp-live,live
2026-09-28T11:16:11+00:00,GJ32B2702,G.J 32 B 2702,0.81,car,cam06,GSRTC,06 Timbavadi gate-Junagadh,rtsp-live,live
2026-09-28T11:16:11+00:00,GJ03JC5583,GJ03JC5583,0.96,truck,cam06,GSRTC,06 Timbavadi gate-Junagadh,rtsp-live,live
2026-09-28T11:15:28+00:00,GJ03MH7800,GJ03MH7800,0.92,truck,cam06,GSRTC,06 Timbavadi gate-Junagadh,rtsp-live,live
2026-09-28T11:15:00+00:00,GJ01HM7952,GJO1HM7952,0.84,motorcycle,cam06,GSRTC,06 Timbavadi gate-Junagadh,rtsp-live,live
2026-09-28T11:14:51+00:00,GJ11CO9625,6J11C09625,0.79,car,cam06,GSRTC,06 Timbavadi gate-Junagadh,rtsp-live,live
2026-09-28T11:14:24+00:00,GJ03FX8807,GJ03FX8807,0.96,motorcycle,cam06,GSRTC,06 Timbavadi gate-Junagadh,rtsp-live,live
2026-09-28T11:13:52+00:00,GJ11S7924,GJ11S7924,0.86,truck,cam06,GSRTC,06 Timbavadi gate-Junagadh,rtsp-live,live
2026-09-28T11:13:31+00:00,GJ23H1548,6J23H1548,0.78,car,cam06,GSRTC,06 Timbavadi gate-Junagadh,rtsp-live,live
2026-09-28T11:12:56+00:00,GJ52AB2883,GJS2A82883,0.88,car,cam06,GSRTC,06 Timbavadi gate-Junagadh,rtsp-live,live
2026-09-28T11:12:56+00:00,GJ32AG2883,GJ32AG2883,0.99,car,cam06,GSRTC,06 Timbavadi gate-Junagadh,rtsp-live,live
2026-09-28T11:12:54+00:00,GJ32AS2887,GJ3ZA52887,0.76,car,cam06,GSRTC,06 Timbavadi gate-Junagadh,rtsp-live,live
2026-09-28T11:12:18+00:00,GJ03MH7800,GJ03MH7800,0.94,truck,cam06,GSRTC,06 Timbavadi gate-Junagadh,rtsp-live,live
2026-09-28T11:11:49+00:00,GJ01HM7952,6J01HM7952,0.98,car,cam06,GSRTC,06 Timbavadi gate-Junagadh,rtsp-live,live
2026-09-28T11:11:41+00:00,GJ11CO9625,6J11C09625,0.91,car,cam06,GSRTC,06 Timbavadi gate-Junagadh,rtsp-live,live
2026-09-28T11:11:16+00:00,GJ03EX8807,GJ03EX8807,0.70,motorcycle,cam06,GSRTC,06 Timbavadi gate-Junagadh,rtsp-live,live
2026-09-28T11:10:50+00:00,GJ23H1546,GJ23H1546,1.00,truck,cam06,GSRTC,06 Timbavadi gate-Junagadh,rtsp-live,live
2026-09-28T11:09:50+00:00,GJ32AG2883,GJ32AG2883,0.96,motorcycle,cam06,GSRTC,06 Timbavadi gate-Junagadh,rtsp-live,live
2026-09-28T11:08:24+00:00,GJ32G2883,6J32.62883,0.83,car,cam06,GSRTC,06 Timbavadi gate-Junagadh,rtsp-live,live
2026-09-28T11:07:52+00:00,GJ23H1546,GJ23H1546.,0.94,car,cam06,GSRTC,06 Timbavadi gate-Junagadh,rtsp-live,live
2026-09-28T11:07:25+00:00,GJ32AG2883,GJ32AG2883,0.98,motorcycle,cam06,GSRTC,06 Timbavadi gate-Junagadh,rtsp-live,live
2026-09-28T11:07:06+00:00,GJ18X,GJ.18.X,0.88,truck,cam06,GSRTC,06 Timbavadi gate-Junagadh,rtsp-live,live
2026-09-28T11:07:04+00:00,GJ11DB3586,GJ11DB3586,0.97,car,cam06,GSRTC,06 Timbavadi gate-Junagadh,rtsp-live,live
2026-09-28T11:05:59+00:00,GJ18GB7041,GJ18687041,0.99,truck,cam06,GSRTC,06 Timbavadi gate-Junagadh,rtsp-live,live
2026-09-28T11:05:56+00:00,GJ11CD0072,GJ11CD0072,0.99,motorcycle,cam06,GSRTC,06 Timbavadi gate-Junagadh,rtsp-live,live
2026-09-28T11:05:39+00:00,GJ16BG6039,GJ168G6039,0.96,truck,cam06,GSRTC,06 Timbavadi gate-Junagadh,rtsp-live,live
2026-09-28T11:05:29+00:00,GJ03NP0738,GJ03NP0738,0.81,motorcycle,cam06,GSRTC,06 Timbavadi gate-Junagadh,rtsp-live,live
2026-09-28T11:05:21+00:00,GJ03MH9657,GJ03MH9657,0.92,car,cam06,GSRTC,06 Timbavadi gate-Junagadh,rtsp-live,live
2026-09-28T11:05:17+00:00,GJ03NH9657,GJ03NH9657,0.91,truck,cam06,GSRTC,06 Timbavadi gate-Junagadh,rtsp-live,live
2026-09-28T11:05:16+00:00,GJ11VV9957,GJ11VV9957,0.89,car,cam06,GSRTC,06 Timbavadi gate-Junagadh,rtsp-live,live
2026-09-28T11:05:03+00:00,GJ19BR3000,GJ198R3000,0.97,motorcycle,cam06,GSRTC,06 Timbavadi gate-Junagadh,rtsp-live,live
2026-09-28T11:04:48+00:00,GJ11AS7119,GJ11AS7119,0.98,motorcycle,cam06,GSRTC,06 Timbavadi gate-Junagadh,rtsp-live,live
2026-09-28T11:04:17+00:00,GJ11BB1008,GJ11881008,0.93,car,cam06,GSRTC,06 Timbavadi gate-Junagadh,rtsp-live,live
2026-09-28T10:56:59+00:00,GJ03AZ0644,6J03AZ0644,0.97,motorcycle,cam06,GSRTC,06 Timbavadi gate-Junagadh,rtsp-live,live
2026-09-28T10:55:32+00:00,GJ36B4094,6J3684094,0.90,car,cam06,GSRTC,06 Timbavadi gate-Junagadh,rtsp-live,live
2026-09-28T10:54:08+00:00,GJ03PR6082,GJ03PR6082,0.90,car,cam06,GSRTC,06 Timbavadi gate-Junagadh,rtsp-live,live
2026-09-28T10:53:31+00:00,GJ70ON2875,GJ700N2875,0.69,car,cam06,GSRTC,06 Timbavadi gate-Junagadh,rtsp-live,live
2026-09-28T10:52:59+00:00,GJ11BR0928,GJ11BR0928,0.99,motorcycle,cam06,GSRTC,06 Timbavadi gate-Junagadh,rtsp-live,live
2026-09-28T10:52:40+00:00,GJ11VV7338,GJ11VV7338,0.59,truck,cam06,GSRTC,06 Timbavadi gate-Junagadh,rtsp-live,live
2026-09-28T10:52:33+00:00,GJ11CH3274,GJ11CH3274,0.95,car,cam06,GSRTC,06 Timbavadi gate-Junagadh,rtsp-live,live
2026-09-28T10:52:19+00:00,GJ03ER8216,GJ03ER8216,0.98,bus,cam06,GSRTC,06 Timbavadi gate-Junagadh,rtsp-live,live
2026-09-28T10:51:06+00:00,GJ11BR8190,6J118R8190,0.90,motorcycle,cam06,GSRTC,06 Timbavadi gate-Junagadh,rtsp-live,live
2026-09-28T10:50:58+00:00,GJ11CD3491,GJ11CD3491,0.97,truck,cam06,GSRTC,06 Timbavadi gate-Junagadh,rtsp-live,live
2026-09-28T10:50:30+00:00,GJ01R5926,6J01R£5926,0.89,car,cam06,GSRTC,06 Timbavadi gate-Junagadh,rtsp-live,live
2026-09-28T10:50:28+00:00,GJ01BS5926,6J018S5926,0.87,truck,cam06,GSRTC,06 Timbavadi gate-Junagadh,rtsp-live,live
2026-09-28T10:50:14+00:00,GJ05JF6480,6J05JF6480,0.97,car,cam06,GSRTC,06 Timbavadi gate-Junagadh,rtsp-live,live
2026-09-28T10:48:08+00:00,GJ19BR5253,'-GJ198R5253,0.86,bus,cam06,GSRTC,06 Timbavadi gate-Junagadh,rtsp-live,live
2026-09-28T10:47:55+00:00,GJ11BH0417,GJ11BH0417,0.87,car,cam06,GSRTC,06 Timbavadi gate-Junagadh,rtsp-live,live
2026-09-28T10:47:36+00:00,GJ11G1388,6J1161388,0.80,car,cam06,GSRTC,06 Timbavadi gate-Junagadh,rtsp-live,live
2026-09-28T10:31:37+00:00,GJ00HR0416,6J00HR0416,0.83,car,cam06,GSRTC,06 Timbavadi gate-Junagadh,rtsp-live,live
2026-09-28T10:31:29+00:00,GJ01RA3681,'-GJ01RA3681,0.90,car,cam06,GSRTC,06 Timbavadi gate-Junagadh,rtsp-live,live
2026-09-28T10:31:02+00:00,GJ18ZT2013,GJ18ZT2013,0.99,bus,cam06,GSRTC,06 Timbavadi gate-Junagadh,rtsp-live,live
2026-09-28T10:30:16+00:00,GJ03LG6586,GJ03LG6586,0.99,bus,cam06,GSRTC,06 Timbavadi gate-Junagadh,rtsp-live,live
2026-09-28T10:29:46+00:00,GJ11CH4401,GJ11CH4401,0.77,car,cam06,GSRTC,06 Timbavadi gate-Junagadh,rtsp-live,live
2026-09-28T10:29:33+00:00,GJ03AZ0644,6J03AZ0644,0.98,truck,cam06,GSRTC,06 Timbavadi gate-Junagadh,rtsp-live,live
2026-09-28T10:26:50+00:00,GJ32AA2854,GJ32AA2854,0.91,truck,cam06,GSRTC,06 Timbavadi gate-Junagadh,rtsp-live,live
2026-09-28T10:26:41+00:00,GJ03PR6082,GJ03PR6082,0.91,car,cam06,GSRTC,06 Timbavadi gate-Junagadh,rtsp-live,live
2026-09-28T10:25:28+00:00,GJ11BR0928,GJ11BR0928,0.98,car,cam06,GSRTC,06 Timbavadi gate-Junagadh,rtsp-live,live
2026-09-28T10:25:18+00:00,GJ03KH0407,GJO3KH0407,0.95,bus,cam06,GSRTC,06 Timbavadi gate-Junagadh,rtsp-live,live
2026-09-28T10:25:00+00:00,GJ03JR5317,GJ03JR5317,1.00,car,cam06,GSRTC,06 Timbavadi gate-Junagadh,rtsp-live,live
2026-09-28T10:23:33+00:00,GJ11CD3491,GJ11CD3491,0.97,car,cam06,GSRTC,06 Timbavadi gate-Junagadh,rtsp-live,live
2026-09-28T10:23:14+00:00,GJ11AS5892,GJ11AS5892,0.93,motorcycle,cam06,GSRTC,06 Timbavadi gate-Junagadh,rtsp-live,live
2026-09-28T10:20:24+00:00,GJ11S9258,GJ1159258,0.96,truck,cam06,GSRTC,06 Timbavadi gate-Junagadh,rtsp-live,live
2026-09-28T10:20:10+00:00,GJ11G1388,'-6J116'1388,0.59,car,cam06,GSRTC,06 Timbavadi gate-Junagadh,rtsp-live,live
2026-09-28T10:18:57+00:00,GJ01BB7952,'-6J01887952,0.89,motorcycle,cam06,GSRTC,06 Timbavadi gate-Junagadh,rtsp-live,live
2026-09-28T10:17:47+00:00,GJ11S7924,GJ1157924,0.90,bus,cam06,GSRTC,06 Timbavadi gate-Junagadh,rtsp-live,live
2026-09-28T10:17:13+00:00,GJ11CH8698,GJ11CH8698,0.59,car,cam06,GSRTC,06 Timbavadi gate-Junagadh,rtsp-live,live
2026-09-28T10:01:49+00:00,GJ03JL6883,GJ03JL6883,0.93,motorcycle,cam06,GSRTC,06 Timbavadi gate-Junagadh,rtsp-live,live
2026-09-28T10:01:36+00:00,GJ18,GJ18,1.00,bus,cam06,GSRTC,06 Timbavadi gate-Junagadh,rtsp-live,live
2026-09-28T10:01:36+00:00,GJ03CE0033,GJ03CE0033,0.93,motorcycle,cam06,GSRTC,06 Timbavadi gate-Junagadh,rtsp-live,live
2026-09-28T10:01:33+00:00,GJ18BC9672,GJ188C9672,0.98,car,cam06,GSRTC,06 Timbavadi gate-Junagadh,rtsp-live,live
2026-09-28T10:01:04+00:00,GJ08A5388,GJ.08.A5388,0.90,motorcycle,cam06,GSRTC,06 Timbavadi gate-Junagadh,rtsp-live,live
2026-09-28T10:00:53+00:00,GJ03BY8234,GJ03BY8234,0.93,motorcycle,cam06,GSRTC,06 Timbavadi gate-Junagadh,rtsp-live,live
2026-09-28T10:00:52+00:00,GJ18BL4660,GJ18BL4660,0.98,motorcycle,cam06,GSRTC,06 Timbavadi gate-Junagadh,rtsp-live,live
2026-09-28T10:00:39+00:00,GJ18BL1660,GJ188L1660,0.80,motorcycle,cam06,GSRTC,06 Timbavadi gate-Junagadh,rtsp-live,live
2026-09-28T09:59:57+00:00,GJ18ZT1782,GJ182T1782,0.89,bus,cam06,GSRTC,06 Timbavadi gate-Junagadh,rtsp-live,live
2026-09-28T09:59:38+00:00,GJ03LG6586,GJ03LG6586,0.93,motorcycle,cam06,GSRTC,06 Timbavadi gate-Junagadh,rtsp-live,live
2026-09-28T09:56:10+00:00,GJ32AA2864,GJ32AA2864,0.99,truck,cam06,GSRTC,06 Timbavadi gate-Junagadh,rtsp-live,live
2026-09-28T09:53:40+00:00,GJ11DB2886,GJ11DB2886,0.82,car,cam06,GSRTC,06 Timbavadi gate-Junagadh,rtsp-live,live
2026-09-28T09:52:46+00:00,GJ11BR8190,6J118R8190,0.93,car,cam06,GSRTC,06 Timbavadi gate-Junagadh,rtsp-live,live
2026-09-28T09:52:22+00:00,GJ03PO2863,GJ03P02863,0.85,car,cam06,GSRTC,06 Timbavadi gate-Junagadh,rtsp-live,live
2026-09-28T09:51:17+00:00,GJ37AB9445,GJ37AB9445,0.99,car,cam06,GSRTC,06 Timbavadi gate-Junagadh,rtsp-live,live
2026-09-28T09:50:33+00:00,GJ32K9985,GJ32K 9985,0.97,car,cam06,GSRTC,06 Timbavadi gate-Junagadh,rtsp-live,live
2026-09-28T09:50:01+00:00,GJ18BB5253,'-GJ18885253,0.92,car,cam06,GSRTC,06 Timbavadi gate-Junagadh,rtsp-live,live
2026-09-28T09:49:32+00:00,GJ11G1388,6J1161388,0.80,car,cam06,GSRTC,06 Timbavadi gate-Junagadh,rtsp-live,live
2026-09-28T09:48:14+00:00,GJ01HM7952,'-GJ01HM7952,0.89,car,cam06,GSRTC,06 Timbavadi gate-Junagadh,rtsp-live,live
2026-09-28T09:47:08+00:00,GJ11S7924,'-6J11S7924,0.94,motorcycle,cam06,GSRTC,06 Timbavadi gate-Junagadh,rtsp-live,live
2026-09-28T09:31:20+00:00,GJ11SS1333,GJ11.55-1333,0.73,motorcycle,cam06,GSRTC,06 Timbavadi gate-Junagadh,rtsp-live,live
2026-09-28T09:31:20+00:00,GJ18ZT2013,GJ182T2013,0.96,motorcycle,cam06,GSRTC,06 Timbavadi gate-Junagadh,rtsp-live,live
2026-09-28T09:29:12+00:00,GJ11BR2509,GJ118R2509,0.94,motorcycle,cam06,GSRTC,06 Timbavadi gate-Junagadh,rtsp-live,live
2026-09-28T09:28:37+00:00,GJ01RS9114,GJ01RS9114,0.94,motorcycle,cam06,GSRTC,06 Timbavadi gate-Junagadh,rtsp-live,live
2026-09-28T09:27:01+00:00,GJ32AA2854,GJ32AA2854,0.91,truck,cam06,GSRTC,06 Timbavadi gate-Junagadh,rtsp-live,live
2026-09-28T09:26:20+00:00,GJ10ON2875,GJ100N2875,0.99,car,cam06,GSRTC,06 Timbavadi gate-Junagadh,rtsp-live,live
2026-09-28T09:25:51+00:00,GJ11BR0928,GJ11BR0928,0.99,motorcycle,cam06,GSRTC,06 Timbavadi gate-Junagadh,rtsp-live,live
2026-09-28T09:24:38+00:00,GJ11DB2886,GJ11DB2886,0.98,car,cam06,GSRTC,06 Timbavadi gate-Junagadh,rtsp-live,live
2026-09-28T09:23:50+00:00,GJ11CD3491,GJ11CD3491,0.93,car,cam06,GSRTC,06 Timbavadi gate-Junagadh,rtsp-live,live
2026-09-28T09:23:26+00:00,GJ11AS5892,GJ11AS5892,0.94,motorcycle,cam06,GSRTC,06 Timbavadi gate-Junagadh,rtsp-live,live
2026-09-28T09:23:02+00:00,GJ32X9819,GJ32 X 9819,0.90,bus,cam06,GSRTC,06 Timbavadi gate-Junagadh,rtsp-live,live
2026-09-28T09:20:55+00:00,GJ19BB5253,'-GJ19885253,0.89,bus,cam06,GSRTC,06 Timbavadi gate-Junagadh,rtsp-live,live
2026-09-28T09:18:02+00:00,GJ11S7924,6J11S7924,0.79,truck,cam06,GSRTC,06 Timbavadi gate-Junagadh,rtsp-live,live
2026-09-28T09:17:11+00:00,GJ32AG2883,GJ32AG2883,0.98,motorcycle,cam06,GSRTC,06 Timbavadi gate-Junagadh,rtsp-live,live
2026-09-28T09:16:16+00:00,GJ01BX3681,GJ018X3681,0.79,car,cam06,GSRTC,06 Timbavadi gate-Junagadh,rtsp-live,live
2026-09-28T09:00:21+00:00,GJ11S7924,GJ11S7924,0.95,truck,cam06,GSRTC,06 Timbavadi gate-Junagadh,rtsp-live,live
2026-09-28T09:00:04+00:00,GJ23H1546,GJ23H1546,1.00,truck,cam06,GSRTC,06 Timbavadi gate-Junagadh,rtsp-live,live
2026-09-28T08:59:29+00:00,GJ18X,GJ.18.X,0.97,motorcycle,cam06,GSRTC,06 Timbavadi gate-Junagadh,rtsp-live,live
2026-09-28T08:58:50+00:00,GJ23H1546,GJ23H1546,0.99,motorcycle,cam06,GSRTC,06 Timbavadi gate-Junagadh,rtsp-live,live
2026-09-28T08:55:35+00:00,GJ11CH4401,GJ11CH4401,0.98,car,cam06,GSRTC,06 Timbavadi gate-Junagadh,rtsp-live,live
2026-09-28T08:55:23+00:00,GJ18BH7584,GJ188H7584,0.95,car,cam06,GSRTC,06 Timbavadi gate-Junagadh,rtsp-live,live
2026-09-28T08:55:16+00:00,GJ03AZ0644,6J03AZ0644,0.96,truck,cam06,GSRTC,06 Timbavadi gate-Junagadh,rtsp-live,live
2026-09-28T08:50:53+00:00,GJ03ER8216,GJ03ER8216,0.99,car,cam06,GSRTC,06 Timbavadi gate-Junagadh,rtsp-live,live
2026-09-28T08:50:18+00:00,GJ11BB2886,6J11882886,0.82,car,cam06,GSRTC,06 Timbavadi gate-Junagadh,rtsp-live,live
2026-09-28T08:49:34+00:00,GJ27AA0401,'-GJ27AA0401,0.90,car,cam06,GSRTC,06 Timbavadi gate-Junagadh,rtsp-live,live
2026-09-28T08:49:27+00:00,GJ11BR8190,6J118R8190,0.81,car,cam06,GSRTC,06 Timbavadi gate-Junagadh,rtsp-live,live
2026-09-28T08:49:09+00:00,GJ11AS5892,GJ11AS5892,0.88,car,cam06,GSRTC,06 Timbavadi gate-Junagadh,rtsp-live,live
2026-09-28T08:49:02+00:00,GJ03PO2863,GJ03P02863,0.85,car,cam06,GSRTC,06 Timbavadi gate-Junagadh,rtsp-live,live
2026-09-28T08:48:47+00:00,GJ32K9819,GJ32 K 9819,0.97,bus,cam06,GSRTC,06 Timbavadi gate-Junagadh,rtsp-live,live
2026-09-28T08:47:52+00:00,GJ37AB9445,GJ37AB9445,0.99,bus,cam06,GSRTC,06 Timbavadi gate-Junagadh,rtsp-live,live
2026-09-28T08:46:49+00:00,GJ18BB5253,'-GJ18885253,0.92,motorcycle,cam06,GSRTC,06 Timbavadi gate-Junagadh,rtsp-live,live
2026-09-28T08:46:11+00:00,GJ11G1388,6J1161388,0.85,car,cam06,GSRTC,06 Timbavadi gate-Junagadh,rtsp-live,live
2026-09-28T08:45:23+00:00,GJ11S7924,GJ11S7924,0.98,truck,cam06,GSRTC,06 Timbavadi gate-Junagadh,rtsp-live,live
2026-09-28T07:57:22+00:00,GJ03HR0416,GJO3HR0416,0.91,car,cam06,GSRTC,06 Timbavadi gate-Junagadh,rtsp-live,live
2026-09-28T07:55:55+00:00,GJ03JR8399,GJ03JR8399,0.95,car,cam06,GSRTC,06 Timbavadi gate-Junagadh,rtsp-live,live
2026-09-28T07:55:32+00:00,GJ11BB1008,GJ11881008,0.93,car,cam06,GSRTC,06 Timbavadi gate-Junagadh,rtsp-live,live
2026-09-28T07:54:15+00:00,GJ01RS9114,GJ01RS9114,0.91,motorcycle,cam06,GSRTC,06 Timbavadi gate-Junagadh,rtsp-live,live
2026-09-28T07:51:52+00:00,GJ10ON2875,GJ100N2875,0.94,car,cam06,GSRTC,06 Timbavadi gate-Junagadh,rtsp-live,live
2026-09-28T07:51:16+00:00,GJ11BR0928,GJ11BR0928,0.99,car,cam06,GSRTC,06 Timbavadi gate-Junagadh,rtsp-live,live
2026-09-28T07:50:56+00:00,GJ15CB2934,GJ15C82934,0.97,car,cam06,GSRTC,06 Timbavadi gate-Junagadh,rtsp-live,live
2026-09-28T07:50:56+00:00,GJ11CH3274,'-GJ11CH3274,0.99,car,cam06,GSRTC,06 Timbavadi gate-Junagadh,rtsp-live,live
2026-09-28T07:50:41+00:00,GJ03ER8216,GJ03ER8216,0.92,truck,cam06,GSRTC,06 Timbavadi gate-Junagadh,rtsp-live,live
2026-09-28T07:50:30+00:00,GJ11CO1637,'-GJ11C01637,0.92,car,cam06,GSRTC,06 Timbavadi gate-Junagadh,rtsp-live,live
2026-09-28T07:49:22+00:00,GJ11CD3491,GJ11CD3491,0.97,car,cam06,GSRTC,06 Timbavadi gate-Junagadh,rtsp-live,live
2026-09-28T07:49:00+00:00,GJ11AS5892,GJ11AS5892,0.94,motorcycle,cam06,GSRTC,06 Timbavadi gate-Junagadh,rtsp-live,live
2026-09-28T07:48:51+00:00,GJ01RS5926,6J01RS5926,0.87,car,cam06,GSRTC,06 Timbavadi gate-Junagadh,rtsp-live,live
2026-09-28T07:48:48+00:00,GJ01BS5926,6J01855926,0.86,truck,cam06,GSRTC,06 Timbavadi gate-Junagadh,rtsp-live,live
2026-09-28T07:47:41+00:00,GJ37AB9445,GJ37A89445,0.90,bus,cam06,GSRTC,06 Timbavadi gate-Junagadh,rtsp-live,live
2026-09-28T07:46:58+00:00,GJ32K9985,6J32K9985,0.81,truck,cam06,GSRTC,06 Timbavadi gate-Junagadh,rtsp-live,live
2026-09-28T07:46:15+00:00,GJ11BH0417,GJ11BH0417,0.95,truck,cam06,GSRTC,06 Timbavadi gate-Junagadh,rtsp-live,live
2026-09-28T07:45:57+00:00,GJ03JC5583,GJ03JC5583,0.96,motorcycle,cam06,GSRTC,06 Timbavadi gate-Junagadh,rtsp-live,live
2026-09-28T07:45:09+00:00,GJ03MH7800,GJ03MH7800,0.95,car,cam06,GSRTC,06 Timbavadi gate-Junagadh,rtsp-live,live
2026-09-28T07:44:30+00:00,GJ11CO9625,6J11C09625,0.95,car,cam06,GSRTC,06 Timbavadi gate-Junagadh,rtsp-live,live
2026-09-28T07:29:35+00:00,GJ11S7924,GJ11S7924,0.99,truck,cam06,GSRTC,06 Timbavadi gate-Junagadh,rtsp-live,live
2026-09-28T07:27:07+00:00,GJ06Z7903,GJ-06-Z7-903,0.80,truck,cam06,GSRTC,06 Timbavadi gate-Junagadh,rtsp-live,live
2026-09-28T07:26:41+00:00,GJ11CL8225,GJ11CL8225,0.99,car,cam06,GSRTC,06 Timbavadi gate-Junagadh,rtsp-live,live
2026-09-28T07:24:54+00:00,GJ05RC9303,6J05RC9303,0.76,car,cam06,GSRTC,06 Timbavadi gate-Junagadh,rtsp-live,live
2026-09-28T07:23:55+00:00,GJ03CE0033,GJ03CE0033,0.97,car,cam06,GSRTC,06 Timbavadi gate-Junagadh,rtsp-live,live
2026-09-28T07:23:55+00:00,GJ11OO3707,GJ11003707,0.84,motorcycle,cam06,GSRTC,06 Timbavadi gate-Junagadh,rtsp-live,live
2026-09-28T07:23:31+00:00,GJ11,GJ11,1.00,truck,cam06,GSRTC,06 Timbavadi gate-Junagadh,rtsp-live,live
2026-09-28T07:23:14+00:00,GJ00HR0416,6J00HR0416,0.83,car,cam06,GSRTC,06 Timbavadi gate-Junagadh,rtsp-live,live
2026-09-28T07:23:02+00:00,GJ18BL4660,GJ188L4660,0.99,motorcycle,cam06,GSRTC,06 Timbavadi gate-Junagadh,rtsp-live,live
2026-09-28T07:21:29+00:00,GJ03LG9656,'-GJ03LG9656,0.67,car,cam06,GSRTC,06 Timbavadi gate-Junagadh,rtsp-live,live
2026-09-28T07:21:29+00:00,GJ11BB1008,GJ11881008,0.89,motorcycle,cam06,GSRTC,06 Timbavadi gate-Junagadh,rtsp-live,live
2026-09-28T07:20:47+00:00,GJ01XN1659,'-GJ01XN1659,0.88,car,cam06,GSRTC,06 Timbavadi gate-Junagadh,rtsp-live,live
2026-09-28T07:19:45+00:00,GJ36R4094,GJ36R4094,1.00,car,cam06,GSRTC,06 Timbavadi gate-Junagadh,rtsp-live,live
2026-09-28T07:17:09+00:00,GJ11BR0928,GJ118R0928,0.98,bus,cam06,GSRTC,06 Timbavadi gate-Junagadh,rtsp-live,live
2026-09-28T07:16:55+00:00,GJ11VV7338,GJ11VV7338,0.96,truck,cam06,GSRTC,06 Timbavadi gate-Junagadh,rtsp-live,live
2026-09-28T07:16:51+00:00,GJ11CH3274,GJ11CH3274,0.69,truck,cam06,GSRTC,06 Timbavadi gate-Junagadh,rtsp-live,live
2026-09-28T07:16:38+00:00,GJ03ER8216,GJ03ER8216,0.78,car,cam06,GSRTC,06 Timbavadi gate-Junagadh,rtsp-live,live
2026-09-28T07:16:05+00:00,GJ02CL3526,'-GJ02CL3526,0.86,motorcycle,cam06,GSRTC,06 Timbavadi gate-Junagadh,rtsp-live,live
2026-09-28T07:15:20+00:00,GJ11CD3491,GJ11CD3491,0.95,motorcycle,cam06,GSRTC,06 Timbavadi gate-Junagadh,rtsp-live,live
2026-09-28T07:15:18+00:00,GJ11BR8190,6.J118R8190,0.92,motorcycle,cam06,GSRTC,06 Timbavadi gate-Junagadh,rtsp-live,live
2026-09-28T07:15:15+00:00,GJ27AA0401,GJ27AA0401,0.95,car,cam06,GSRTC,06 Timbavadi gate-Junagadh,rtsp-live,live
2026-09-28T07:14:45+00:00,GJ01BS5926,6J018S5926,0.55,car,cam06,GSRTC,06 Timbavadi gate-Junagadh,rtsp-live,live
2026-09-28T07:14:37+00:00,GJ25AA4345,GJ25AA4345,0.99,motorcycle,cam06,GSRTC,06 Timbavadi gate-Junagadh,rtsp-live,live
2026-09-28T06:58:11+00:00,GJ11BR0928,6J118R0928,0.93,motorcycle,cam06,GSRTC,06 Timbavadi gate-Junagadh,rtsp-live,live
2026-09-28T06:57:28+00:00,GJ15CB2934,GJ15C82934,0.90,car,cam06,GSRTC,06 Timbavadi gate-Junagadh,rtsp-live,live
2026-09-28T06:57:18+00:00,GJ03ER8216,GJ03ER8216,0.99,car,cam06,GSRTC,06 Timbavadi gate-Junagadh,rtsp-live,live
2026-09-28T06:56:49+00:00,GJ02CL3526,6J0ZCL3526,0.57,car,cam06,GSRTC,06 Timbavadi gate-Junagadh,rtsp-live,live
2026-09-28T06:55:59+00:00,GJ27AA0401,GJ27AA0401,0.89,car,cam06,GSRTC,06 Timbavadi gate-Junagadh,rtsp-live,live
2026-09-28T06:54:20+00:00,GJ11BH2735,GJ118H2735,0.78,car,cam06,GSRTC,06 Timbavadi gate-Junagadh,rtsp-live,live
2026-09-28T06:53:09+00:00,GJ18BB5253,'-GJ18885253,0.89,motorcycle,cam06,GSRTC,06 Timbavadi gate-Junagadh,rtsp-live,live
2026-09-28T06:52:29+00:00,GJ07IG5580,6J07165580,0.81,motorcycle,cam06,GSRTC,06 Timbavadi gate-Junagadh,rtsp-live,live
2026-09-28T06:51:48+00:00,GJ03MH7800,GJ03MH7800,0.95,car,cam06,GSRTC,06 Timbavadi gate-Junagadh,rtsp-live,live
2026-09-28T06:51:18+00:00,GJ01HM7952,'-GJ01HM7952,0.89,car,cam06,GSRTC,06 Timbavadi gate-Junagadh,rtsp-live,live
2026-09-28T06:51:06+00:00,GJ11CO3625,GJ11C03625,0.92,car,cam06,GSRTC,06 Timbavadi gate-Junagadh,rtsp-live,live
2026-09-28T06:49:52+00:00,GJ23H1546,GJ23H1546,0.97,truck,cam06,GSRTC,06 Timbavadi gate-Junagadh,rtsp-live,live
2026-09-28T06:49:15+00:00,GJ32AG2883,GJ32AG2883,0.99,car,cam06,GSRTC,06 Timbavadi gate-Junagadh,rtsp-live,live
2026-09-28T06:48:14+00:00,GJ11CH3274,GJ11CH3274,1.00,car,cam06,GSRTC,06 Timbavadi gate-Junagadh,rtsp-live,live
2026-09-28T06:48:07+00:00,GJ15EB2934,GJ15E82934,0.87,car,cam06,GSRTC,06 Timbavadi gate-Junagadh,rtsp-live,live
2026-09-28T06:47:58+00:00,GJ03ER8216,GJ03ER8216,0.97,bus,cam06,GSRTC,06 Timbavadi gate-Junagadh,rtsp-live,live
2026-09-28T06:47:27+00:00,GJ02CL3526,GJ02CL3526,0.89,car,cam06,GSRTC,06 Timbavadi gate-Junagadh,rtsp-live,live
2026-09-28T06:46:11+00:00,GJ03PO2863,GJ03P02863,0.96,motorcycle,cam06,GSRTC,06 Timbavadi gate-Junagadh,rtsp-live,live
2026-09-28T06:46:05+00:00,GJ01R5926,6J01R£5926,0.89,car,cam06,GSRTC,06 Timbavadi gate-Junagadh,rtsp-live,live
2026-09-28T06:45:55+00:00,GJ05JF6480,6J05JF6480,0.92,truck,cam06,GSRTC,06 Timbavadi gate-Junagadh,rtsp-live,live
2026-09-28T06:45:14+00:00,GJ11CD8889,GJ11CD8889,0.93,motorcycle,cam06,GSRTC,06 Timbavadi gate-Junagadh,rtsp-live,live
2026-09-28T06:45:05+00:00,GJ11BH2735,GJ118H2735,0.62,motorcycle,cam06,GSRTC,06 Timbavadi gate-Junagadh,rtsp-live,live
2026-09-28T06:44:15+00:00,GJ32G9335,6J3269335,0.75,truck,cam06,GSRTC,06 Timbavadi gate-Junagadh,rtsp-live,live
2026-09-28T06:44:07+00:00,GJ11E,GJ11E,0.82,motorcycle,cam06,GSRTC,06 Timbavadi gate-Junagadh,rtsp-live,live
2026-09-28T06:43:48+00:00,GJ18BB5253,6J18885253,0.90,motorcycle,cam06,GSRTC,06 Timbavadi gate-Junagadh,rtsp-live,live
2026-09-28T06:43:31+00:00,GJ11S9268,GJ11S9268,0.84,motorcycle,cam06,GSRTC,06 Timbavadi gate-Junagadh,rtsp-live,live
2026-09-28T06:43:26+00:00,GJ11S9258,GJ11S9258,0.79,truck,cam06,GSRTC,06 Timbavadi gate-Junagadh,rtsp-live,live
2026-09-28T06:43:16+00:00,GJ11G1388,6J1161388,0.80,car,cam06,GSRTC,06 Timbavadi gate-Junagadh,rtsp-live,live
2026-09-28T06:43:06+00:00,GJ03IG5587,6J03.165587,0.74,car,cam06,GSRTC,06 Timbavadi gate-Junagadh,rtsp-live,live
2026-09-28T06:42:29+00:00,GJ03MH7800,GJ03MH7800,0.95,car,cam06,GSRTC,06 Timbavadi gate-Junagadh,rtsp-live,live
2026-09-28T06:41:59+00:00,GJ01HM7952,GJ01HM7952,0.94,car,cam06,GSRTC,06 Timbavadi gate-Junagadh,rtsp-live,live
2026-09-28T06:41:49+00:00,GJ11CO9625,GJ11C09625,0.97,car,cam06,GSRTC,06 Timbavadi gate-Junagadh,rtsp-live,live
2026-09-28T06:41:21+00:00,GJ03EX8807,GJ03EX8807,0.88,truck,cam06,GSRTC,06 Timbavadi gate-Junagadh,rtsp-live,live
2026-09-28T06:41:21+00:00,GJ03EK8807,GJ03EK8807,0.86,bus,cam06,GSRTC,06 Timbavadi gate-Junagadh,rtsp-live,live
2026-09-28T06:40:58+00:00,GJ11S7924,GJ11S7924,0.95,motorcycle,cam06,GSRTC,06 Timbavadi gate-Junagadh,rtsp-live,live
2026-09-28T06:40:31+00:00,GJ23H1546,GJ23H1546,0.96,bus,cam06,GSRTC,06 Timbavadi gate-Junagadh,rtsp-live,live
2026-09-28T06:40:00+00:00,GJ32AG2883,GJ32AG2883,0.95,motorcycle,cam06,GSRTC,06 Timbavadi gate-Junagadh,rtsp-live,live
2026-09-28T06:39:47+00:00,GJ18X,GJ.18.X,0.87,truck,cam06,GSRTC,06 Timbavadi gate-Junagadh,rtsp-live,live
2026-09-28T06:38:13+00:00,GJ10CG4786,GJ10CG4786,0.96,car,cam06,GSRTC,06 Timbavadi gate-Junagadh,rtsp-live,live
2026-09-28T06:36:57+00:00,GJ03PR6082,GJ03PR6082,0.96,car,cam06,GSRTC,06 Timbavadi gate-Junagadh,rtsp-live,live
2026-09-28T06:35:11+00:00,GJ03ER8216,GJ03ER8216,0.99,car,cam06,GSRTC,06 Timbavadi gate-Junagadh,rtsp-live,live
2026-09-28T06:34:34+00:00,GJ11DB2886,GJ11DB2886,0.99,car,cam06,GSRTC,06 Timbavadi gate-Junagadh,rtsp-live,live
2026-09-28T06:33:16+00:00,GJ01RS5926,6J01RS5926,0.90,car,cam06,GSRTC,06 Timbavadi gate-Junagadh,rtsp-live,live
2026-09-28T06:33:05+00:00,GJ05JF6480,6J05JF6480,0.97,car,cam06,GSRTC,06 Timbavadi gate-Junagadh,rtsp-live,live
2026-09-28T06:30:40+00:00,GJ03ME9186,GJ03ME9186,0.96,car,cam06,GSRTC,06 Timbavadi gate-Junagadh,rtsp-live,live
2026-09-28T06:29:38+00:00,GJ03JR1036,GJ03JR1036,0.93,car,cam06,GSRTC,06 Timbavadi gate-Junagadh,rtsp-live,live
2026-09-28T06:27:09+00:00,GJ32AG2883,GJ32AG2883,0.98,motorcycle,cam06,GSRTC,06 Timbavadi gate-Junagadh,rtsp-live,live
2026-09-28T06:25:56+00:00,GJ32K9985,GJ32K 9985,0.97,motorcycle,cam06,GSRTC,06 Timbavadi gate-Junagadh,rtsp-live,live
2026-09-28T06:25:26+00:00,GJ18BB5253,GJ18885253,0.96,car,cam06,GSRTC,06 Timbavadi gate-Junagadh,rtsp-live,live
2026-09-28T06:25:16+00:00,GJ03ME9186,GJ03ME9186,0.89,car,cam06,GSRTC,06 Timbavadi gate-Junagadh,rtsp-live,live
2026-09-28T06:25:09+00:00,GJ11S9258,GJ11S9258,0.97,truck,cam06,GSRTC,06 Timbavadi gate-Junagadh,rtsp-live,live
2026-09-28T06:24:56+00:00,GJ17G1389,6J1761389,0.77,car,cam06,GSRTC,06 Timbavadi gate-Junagadh,rtsp-live,live
2026-09-28T06:24:54+00:00,GJ03JC5583,GJ03JC5583,0.97,motorcycle,cam06,GSRTC,06 Timbavadi gate-Junagadh,rtsp-live,live
2026-09-28T06:24:21+00:00,GJ01N5538,GJO1N.5538,0.63,motorcycle,cam06,GSRTC,06 Timbavadi gate-Junagadh,rtsp-live,live
2026-09-28T06:24:09+00:00,GJ03MH7800,GJ03MH7800,0.95,car,cam06,GSRTC,06 Timbavadi gate-Junagadh,rtsp-live,live
2026-09-28T06:23:38+00:00,GJ01HM7952,'-GJ01HM7952,0.77,bus,cam06,GSRTC,06 Timbavadi gate-Junagadh,rtsp-live,live
2026-09-28T06:23:29+00:00,GJ11CO9625,GJ11C09625,0.98,truck,cam06,GSRTC,06 Timbavadi gate-Junagadh,rtsp-live,live
2026-09-28T06:23:29+00:00,GJ11CO3625,6J11C03625,0.92,car,cam06,GSRTC,06 Timbavadi gate-Junagadh,rtsp-live,live
2026-09-28T06:23:03+00:00,GJ03FX8807,GJ03FX8807,0.95,motorcycle,cam06,GSRTC,06 Timbavadi gate-Junagadh,rtsp-live,live
2026-09-28T06:22:29+00:00,GJ11S7924,GJ11S7924,0.95,truck,cam06,GSRTC,06 Timbavadi gate-Junagadh,rtsp-live,live
2026-09-28T06:22:16+00:00,GJ23H1546,GJ23H1546,1.00,motorcycle,cam06,GSRTC,06 Timbavadi gate-Junagadh,rtsp-live,live
2026-09-28T06:21:34+00:00,GJ32AG2883,GJ32AG2883,0.96,car,cam06,GSRTC,06 Timbavadi gate-Junagadh,rtsp-live,live
2026-09-28T06:20:18+00:00,GJ01BS5926,6J01855926,0.84,car,cam06,GSRTC,06 Timbavadi gate-Junagadh,rtsp-live,live
2026-09-28T06:20:18+00:00,GJ25AA4345,GJ25AA4345,0.99,motorcycle,cam06,GSRTC,06 Timbavadi gate-Junagadh,rtsp-live,live
2026-09-28T06:20:18+00:00,GJ25II4345,GJ25114345,0.89,motorcycle,cam06,GSRTC,06 Timbavadi gate-Junagadh,rtsp-live,live
2026-09-28T06:20:03+00:00,GJ32K9819,GJ32 K 9819,0.97,motorcycle,cam06,GSRTC,06 Timbavadi gate-Junagadh,rtsp-live,live
2026-09-28T06:19:25+00:00,GJ11CO8899,'-6J11C08899,0.86,motorcycle,cam06,GSRTC,06 Timbavadi gate-Junagadh,rtsp-live,live
2026-09-28T06:19:21+00:00,GJ11BH2735,GJ11BH2735,0.99,motorcycle,cam06,GSRTC,06 Timbavadi gate-Junagadh,rtsp-live,live
2026-09-28T06:19:07+00:00,GJ37AB9445,GJ37A89445,0.95,truck,cam06,GSRTC,06 Timbavadi gate-Junagadh,rtsp-live,live
2026-09-28T06:18:25+00:00,GJ32K9985,GJ32 K 9985,0.96,truck,cam06,GSRTC,06 Timbavadi gate-Junagadh,rtsp-live,live
2026-09-28T06:17:48+00:00,GJ11BH0417,GJ11BH0417,0.58,motorcycle,cam06,GSRTC,06 Timbavadi gate-Junagadh,rtsp-live,live
2026-09-28T06:17:41+00:00,GJ11S9258,6J1159258,0.90,motorcycle,cam06,GSRTC,06 Timbavadi gate-Junagadh,rtsp-live,live
2026-09-28T06:17:28+00:00,GJ32B2702,GJ 32 B 2702,0.57,motorcycle,cam06,GSRTC,06 Timbavadi gate-Junagadh,rtsp-live,live
2026-09-28T06:16:38+00:00,GJ03MH7800,GJ03MH7800,0.65,car,cam06,GSRTC,06 Timbavadi gate-Junagadh,rtsp-live,live
2026-09-28T06:16:38+00:00,GJ03JR1036,GJ03JR1036,0.97,truck,cam06,GSRTC,06 Timbavadi gate-Junagadh,rtsp-live,live
2026-09-28T06:16:08+00:00,GJ01HM7952,GJ01HM7952,0.96,motorcycle,cam06,GSRTC,06 Timbavadi gate-Junagadh,rtsp-live,live
2026-09-28T06:16:00+00:00,GJ11CO9625,GJ11C09625,0.97,car,cam06,GSRTC,06 Timbavadi gate-Junagadh,rtsp-live,live
2026-09-28T06:15:33+00:00,GJ03EK8807,GJ03EK8807,0.87,motorcycle,cam06,GSRTC,06 Timbavadi gate-Junagadh,rtsp-live,live
2026-09-28T06:15:00+00:00,GJ11S7924,GJ11S7924,0.97,truck,cam06,GSRTC,06 Timbavadi gate-Junagadh,rtsp-live,live
2026-09-28T06:14:41+00:00,GJ23H1546,GJ23H1546,0.99,truck,cam06,GSRTC,06 Timbavadi gate-Junagadh,rtsp-live,live
2026-09-28T06:14:08+00:00,GJ32AG2883,GJ32AG2883,0.97,motorcycle,cam06,GSRTC,06 Timbavadi gate-Junagadh,rtsp-live,live
2026-09-28T06:13:53+00:00,GJ18X,GJ.18.X,0.93,truck,cam06,GSRTC,06 Timbavadi gate-Junagadh,rtsp-live,live
2026-09-28T06:13:38+00:00,GJ03JL6883,GJ03JL6883,0.97,bus,cam06,GSRTC,06 Timbavadi gate-Junagadh,rtsp-live,live
2026-09-28T06:13:15+00:00,GJ03CE0033,GJ03CE0033,0.98,car,cam06,GSRTC,06 Timbavadi gate-Junagadh,rtsp-live,live
2026-09-28T06:13:15+00:00,GJ18BC9672,GJ188C9672,0.46,motorcycle,cam06,GSRTC,06 Timbavadi gate-Junagadh,rtsp-live,live
2026-09-28T06:13:07+00:00,GJ07VW3963,GJ-07-VW.3963,0.85,motorcycle,cam06,GSRTC,06 Timbavadi gate-Junagadh,rtsp-live,live
2026-09-28T06:12:17+00:00,GJ18BL1660,GJ188L1660,0.80,car,cam06,GSRTC,06 Timbavadi gate-Junagadh,rtsp-live,live
2026-09-28T06:11:16+00:00,GJ03JR8399,GJ03JR8399,0.66,bus,cam06,GSRTC,06 Timbavadi gate-Junagadh,rtsp-live,live
2026-09-28T05:52:53+00:00,GJ03KH0407,GJ03KH0407,0.95,truck,cam06,GSRTC,06 Timbavadi gate-Junagadh,rtsp-live,live
2026-09-28T05:52:47+00:00,GJ15EB2934,6J15E82934,0.88,car,cam06,GSRTC,06 Timbavadi gate-Junagadh,rtsp-live,live
2026-09-28T05:52:37+00:00,GJ03ER8216,GJ03ER8216,0.99,car,cam06,GSRTC,06 Timbavadi gate-Junagadh,rtsp-live,live
2026-09-28T05:52:26+00:00,GJ11CO1637,GJ11C01637,0.95,motorcycle,cam06,GSRTC,06 Timbavadi gate-Junagadh,rtsp-live,live
2026-09-28T05:48:29+00:00,GJ18BB5253,GJ18885253,0.99,motorcycle,cam06,GSRTC,06 Timbavadi gate-Junagadh,rtsp-live,live
2026-09-28T05:48:09+00:00,GJ11BH0417,GJ11BH0417,0.87,truck,cam06,GSRTC,06 Timbavadi gate-Junagadh,rtsp-live,live
2026-09-28T05:47:58+00:00,GJ11S9258,GJ1159258,0.99,bus,cam06,GSRTC,06 Timbavadi gate-Junagadh,rtsp-live,live
2026-09-28T05:45:32+00:00,GJ11S7924,GJ11S7924,0.99,car,cam06,GSRTC,06 Timbavadi gate-Junagadh,rtsp-live,live
2026-09-28T05:45:09+00:00,GJ23H1546,GJ23H1546,0.94,truck,cam06,GSRTC,06 Timbavadi gate-Junagadh,rtsp-live,live
2026-09-28T05:44:13+00:00,GJ32AG2883,GJ32AG2883,0.98,truck,cam06,GSRTC,06 Timbavadi gate-Junagadh,rtsp-live,live
2026-09-28T05:40:24+00:00,GJ18BR5253,GJ18BR5253,0.96,motorcycle,cam06,GSRTC,06 Timbavadi gate-Junagadh,rtsp-live,live
2026-09-28T05:23:26+00:00,GJ01HM7952,'-6J01HM7952,0.91,truck,cam06,GSRTC,06 Timbavadi gate-Junagadh,rtsp-live,live
2026-09-28T05:22:22+00:00,GJ11S7924,GJ11S7924,0.96,truck,cam06,GSRTC,06 Timbavadi gate-Junagadh,rtsp-live,live
2026-09-28T05:21:05+00:00,GJ03JC5583,GJ03JC5583,0.96,car,cam06,GSRTC,06 Timbavadi gate-Junagadh,rtsp-live,live
2026-09-28T05:19:15+00:00,GJ11CO9625,GJ11C09625,0.95,car,cam06,GSRTC,06 Timbavadi gate-Junagadh,rtsp-live,live
2026-09-28T05:18:54+00:00,GJ03EX8807,GJ03EX8807,0.92,motorcycle,cam06,GSRTC,06 Timbavadi gate-Junagadh,rtsp-live,live
2026-09-28T05:18:25+00:00,GJ11S7924,'-GJ11S7924,0.96,truck,cam06,GSRTC,06 Timbavadi gate-Junagadh,rtsp-live,live
2026-09-28T05:17:14+00:00,GJ18X,GJ.18.X,0.97,truck,cam06,GSRTC,06 Timbavadi gate-Junagadh,rtsp-live,live
2026-09-28T05:15:32+00:00,GJ18X,GJ.18.X,0.88,truck,cam06,GSRTC,06 Timbavadi gate-Junagadh,rtsp-live,live
2026-09-28T05:14:42+00:00,GJ23H1546,GJ23H1546,1.00,bus,cam06,GSRTC,06 Timbavadi gate-Junagadh,rtsp-live,live
2026-09-28T05:14:12+00:00,GJ32AG2883,GJ32AG2883,0.96,motorcycle,cam06,GSRTC,06 Timbavadi gate-Junagadh,rtsp-live,live
2026-09-28T05:13:00+00:00,GJ18X,GJ.18.X,0.92,truck,cam06,GSRTC,06 Timbavadi gate-Junagadh,rtsp-live,live
2026-09-28T05:11:55+00:00,GJ18X,GJ.18.X,0.89,truck,cam06,GSRTC,06 Timbavadi gate-Junagadh,rtsp-live,live
2026-09-28T05:10:43+00:00,GJ32AG2883,GJ32AG2883,0.96,motorcycle,cam06,GSRTC,06 Timbavadi gate-Junagadh,rtsp-live,live
2026-09-28T05:10:38+00:00,GJ18X,GJ.18.X,0.99,car,cam06,GSRTC,06 Timbavadi gate-Junagadh,rtsp-live,live
2026-09-28T05:09:40+00:00,GJ32AG2883,GJ32AG2883,0.98,motorcycle,cam06,GSRTC,06 Timbavadi gate-Junagadh,rtsp-live,live
2026-09-28T05:08:18+00:00,GJ32X9985,GJ32X9985,0.89,motorcycle,cam06,GSRTC,06 Timbavadi gate-Junagadh,rtsp-live,live
2026-09-28T05:07:49+00:00,GJ18BR5253,GJ18BR5253,0.94,motorcycle,cam06,GSRTC,06 Timbavadi gate-Junagadh,rtsp-live,live
2026-09-28T05:07:33+00:00,GJ11BH0417,GJ11BH0417,0.93,car,cam06,GSRTC,06 Timbavadi gate-Junagadh,rtsp-live,live
2026-09-28T05:07:25+00:00,GJ11S9258,GJ1159258,0.98,bus,cam06,GSRTC,06 Timbavadi gate-Junagadh,rtsp-live,live
2026-09-28T05:07:14+00:00,GJ11G1388,GJ11 G1388,0.92,car,cam06,GSRTC,06 Timbavadi gate-Junagadh,rtsp-live,live
2026-09-28T05:07:13+00:00,GJ32B2702,GJ32 B 2702,0.85,motorcycle,cam06,GSRTC,06 Timbavadi gate-Junagadh,rtsp-live,live
2026-09-28T05:07:12+00:00,GJ07IG5580,6J07165580,0.81,motorcycle,cam06,GSRTC,06 Timbavadi gate-Junagadh,rtsp-live,live
2026-09-28T05:06:41+00:00,GJ03JR1036,GJO3JR1036,0.95,truck,cam06,GSRTC,06 Timbavadi gate-Junagadh,rtsp-live,live
2026-09-28T05:06:28+00:00,GJ03MH7800,GJ03MH7800,0.95,car,cam06,GSRTC,06 Timbavadi gate-Junagadh,rtsp-live,live
2026-09-28T05:05:57+00:00,GJ01HM7952,6J01HM7952,0.97,motorcycle,cam06,GSRTC,06 Timbavadi gate-Junagadh,rtsp-live,live
2026-09-28T05:05:45+00:00,GJ11CO9625,GJ11C09625,0.96,car,cam06,GSRTC,06 Timbavadi gate-Junagadh,rtsp-live,live
2026-09-28T05:04:51+00:00,GJ11S7924,GJ11S7924,0.97,truck,cam06,GSRTC,06 Timbavadi gate-Junagadh,rtsp-live,live
2026-09-28T05:03:53+00:00,GJ32AG2883,GJ32AG2883,0.99,car,cam06,GSRTC,06 Timbavadi gate-Junagadh,rtsp-live,live
2026-09-28T05:03:44+00:00,GJ18X,GJ.18.X,0.84,truck,cam06,GSRTC,06 Timbavadi gate-Junagadh,rtsp-live,live
2026-09-28T05:02:35+00:00,GJ11CO8831,GJ11C08831,1.00,car,cam06,GSRTC,06 Timbavadi gate-Junagadh,rtsp-live,live
2026-09-28T04:59:51+00:00,GJ01XN1659,'-GJ01XN1659,0.89,car,cam06,GSRTC,06 Timbavadi gate-Junagadh,rtsp-live,live
2026-09-28T04:57:33+00:00,GJ32AA2854,GJ32AA2854,0.91,truck,cam06,GSRTC,06 Timbavadi gate-Junagadh,rtsp-live,live
2026-09-28T04:57:24+00:00,GJ03PR6082,GJ03PR6082,0.94,car,cam06,GSRTC,06 Timbavadi gate-Junagadh,rtsp-live,live
2026-09-28T04:56:13+00:00,GJ11BR0928,6J118R0928,0.91,car,cam06,GSRTC,06 Timbavadi gate-Junagadh,rtsp-live,live
2026-09-28T04:55:58+00:00,GJ11VV7338,GJ11VV7338,0.95,motorcycle,cam06,GSRTC,06 Timbavadi gate-Junagadh,rtsp-live,live
2026-09-28T04:55:10+00:00,GJ02CL3526,6J0ZCL3526,0.89,car,cam06,GSRTC,06 Timbavadi gate-Junagadh,rtsp-live,live
2026-09-28T04:53:45+00:00,GJ25AA4345,'-GJ25AA4345,0.95,motorcycle,cam06,GSRTC,06 Timbavadi gate-Junagadh,rtsp-live,live
2026-09-28T04:53:30+00:00,GJ32X9819,GJ32X 9819,0.90,bus,cam06,GSRTC,06 Timbavadi gate-Junagadh,rtsp-live,live
2026-09-28T04:52:51+00:00,GJ11CD8889,GJ11CD8889,0.97,car,cam06,GSRTC,06 Timbavadi gate-Junagadh,rtsp-live,live
2026-09-28T04:52:42+00:00,GJ11BH2735,GJ118H2735,0.98,car,cam06,GSRTC,06 Timbavadi gate-Junagadh,rtsp-live,live
2026-09-28T04:36:14+00:00,GJ27AA0407,GJ27AA0407,0.84,car,cam06,GSRTC,06 Timbavadi gate-Junagadh,rtsp-live,live
2026-09-28T04:35:43+00:00,GJ01RS5926,6J01R55926,0.84,car,cam06,GSRTC,06 Timbavadi gate-Junagadh,rtsp-live,live
2026-09-28T04:35:27+00:00,GJ05JF6480,6J05JF6480,0.93,car,cam06,GSRTC,06 Timbavadi gate-Junagadh,rtsp-live,live
2026-09-28T04:33:52+00:00,GJ32K9985,GJ32K 9985,0.96,bus,cam06,GSRTC,06 Timbavadi gate-Junagadh,rtsp-live,live
2026-09-28T04:32:03+00:00,GJ03JR1036,GJ03JR1036,0.68,car,cam06,GSRTC,06 Timbavadi gate-Junagadh,rtsp-live,live
2026-09-28T04:31:23+00:00,GJ11CO9625,GJ11C09625,0.96,car,cam06,GSRTC,06 Timbavadi gate-Junagadh,rtsp-live,live
2026-09-28T04:30:25+00:00,GJ11S7924,GJ1157924,0.98,truck,cam06,GSRTC,06 Timbavadi gate-Junagadh,rtsp-live,live
2026-09-28T04:29:35+00:00,GJ32AG2883,GJ32AG2883,0.93,motorcycle,cam06,GSRTC,06 Timbavadi gate-Junagadh,rtsp-live,live
2026-09-28T04:29:29+00:00,GJ18X,GJ.18.X,0.99,bus,cam06,GSRTC,06 Timbavadi gate-Junagadh,rtsp-live,live
2026-09-28T04:28:39+00:00,GJ11BH2735,GJ11BH2735,1.00,car,cam06,GSRTC,06 Timbavadi gate-Junagadh,rtsp-live,live
2026-09-28T04:27:27+00:00,GJ18BB5253,GJ18885253,0.99,motorcycle,cam06,GSRTC,06 Timbavadi gate-Junagadh,rtsp-live,live
2026-09-28T04:26:52+00:00,GJ11G1388,6J116'1388,0.84,car,cam06,GSRTC,06 Timbavadi gate-Junagadh,rtsp-live,live
2026-09-28T04:25:32+00:00,GJ01HM7952,6J01HM7952,0.97,car,cam06,GSRTC,06 Timbavadi gate-Junagadh,rtsp-live,live
2026-09-28T04:24:26+00:00,GJ11S7924,'-6J11S7924,0.92,truck,cam06,GSRTC,06 Timbavadi gate-Junagadh,rtsp-live,live
2026-09-28T04:24:08+00:00,GJ23H1546,GJ23H1546,0.95,truck,cam06,GSRTC,06 Timbavadi gate-Junagadh,rtsp-live,live
2026-09-28T04:23:29+00:00,GJ32AG2883,GJ32AG2883,0.92,car,cam06,GSRTC,06 Timbavadi gate-Junagadh,rtsp-live,live
2026-09-28T04:22:03+00:00,GJ18ZT1782,'-GJ182T1782,0.84,bus,cam06,GSRTC,06 Timbavadi gate-Junagadh,rtsp-live,live
2026-09-28T04:20:34+00:00,GJ01XN1659,'-GJ01XN1659,0.87,car,cam06,GSRTC,06 Timbavadi gate-Junagadh,rtsp-live,live
2026-09-28T04:20:19+00:00,GJ11ON2505,6J110N250S.,0.70,bus,cam06,GSRTC,06 Timbavadi gate-Junagadh,rtsp-live,live
2026-09-28T04:20:19+00:00,GJ11BN2505,6J11BN2505,0.82,car,cam06,GSRTC,06 Timbavadi gate-Junagadh,rtsp-live,live
2026-09-28T04:19:42+00:00,GJ11CH0340,GJ11CH0340,0.98,car,cam06,GSRTC,06 Timbavadi gate-Junagadh,rtsp-live,live
2026-09-28T04:18:21+00:00,GJ32AA2864,GJ32AA2864,0.99,truck,cam06,GSRTC,06 Timbavadi gate-Junagadh,rtsp-live,live
2026-09-28T04:18:09+00:00,GJ03PR6082,GJ03PR6082,0.94,car,cam06,GSRTC,06 Timbavadi gate-Junagadh,rtsp-live,live
2026-09-28T04:15:01+00:00,GJ11CO3191,GJ11C03191,0.93,truck,cam06,GSRTC,06 Timbavadi gate-Junagadh,rtsp-live,live
2026-09-28T04:12:10+00:00,GJ18BR5253,GJ188R5253,0.92,car,cam06,GSRTC,06 Timbavadi gate-Junagadh,rtsp-live,live
2026-09-28T04:12:02+00:00,GJ03ME9186,GJ03ME9186,0.95,motorcycle,cam06,GSRTC,06 Timbavadi gate-Junagadh,rtsp-live,live
2026-09-28T04:11:57+00:00,GJ11BHO417,GJ11BHO417,0.84,car,cam06,GSRTC,06 Timbavadi gate-Junagadh,rtsp-live,live
2026-09-28T04:11:40+00:00,GJ11G1388,6J1161388,0.92,car,cam06,GSRTC,06 Timbavadi gate-Junagadh,rtsp-live,live
2026-09-28T04:11:35+00:00,GJ03JC5583,GJ03JC5583,0.98,truck,cam06,GSRTC,06 Timbavadi gate-Junagadh,rtsp-live,live
2026-09-28T04:10:52+00:00,GJ03UR1036,GJ03UR1036,0.80,car,cam06,GSRTC,06 Timbavadi gate-Junagadh,rtsp-live,live
2026-09-28T04:10:23+00:00,GJ01HM7952,GJ01HM7952,0.95,bus,cam06,GSRTC,06 Timbavadi gate-Junagadh,rtsp-live,live
2026-09-28T04:10:14+00:00,GJ11CO9625,GJ11C09625,0.87,car,cam06,GSRTC,06 Timbavadi gate-Junagadh,rtsp-live,live
2026-09-28T03:54:13+00:00,GJ11CO8831,'-GJ11C08831,0.93,car,cam06,GSRTC,06 Timbavadi gate-Junagadh,rtsp-live,live
2026-09-28T03:54:05+00:00,GJ18ZT2013,GJ182T2013,0.94,bus,cam06,GSRTC,06 Timbavadi gate-Junagadh,rtsp-live,live
2026-09-28T03:53:18+00:00,GJ03LG6586,GJ03LG6586,0.99,bus,cam06,GSRTC,06 Timbavadi gate-Junagadh,rtsp-live,live
2026-09-28T03:52:48+00:00,GJ11BR1008,GJ11BR1008,0.99,car,cam06,GSRTC,06 Timbavadi gate-Junagadh,rtsp-live,live
2026-09-28T03:52:39+00:00,GJ03AZ0644,6J03AZ0644,0.95,motorcycle,cam06,GSRTC,06 Timbavadi gate-Junagadh,rtsp-live,live
2026-09-28T03:51:29+00:00,GJ05BZ1174,GJ.05.BZ.1174,0.88,motorcycle,cam06,GSRTC,06 Timbavadi gate-Junagadh,rtsp-live,live
2026-09-28T03:51:04+00:00,GJ10CG4796,GJ10CG4796,0.92,truck,cam06,GSRTC,06 Timbavadi gate-Junagadh,rtsp-live,live
2026-09-28T03:50:03+00:00,GJ32AA2864,GJ32AA2864,0.90,motorcycle,cam06,GSRTC,06 Timbavadi gate-Junagadh,rtsp-live,live
2026-09-28T03:49:46+00:00,GJ03PR6082,GJ03PR6082,0.95,car,cam06,GSRTC,06 Timbavadi gate-Junagadh,rtsp-live,live
2026-09-28T03:49:15+00:00,GJ10ON2875,GJ100N2875,0.99,motorcycle,cam06,GSRTC,06 Timbavadi gate-Junagadh,rtsp-live,live
2026-09-28T03:48:36+00:00,GJ11BR0928,6J118R0928,0.93,car,cam06,GSRTC,06 Timbavadi gate-Junagadh,rtsp-live,live
2026-09-28T03:48:18+00:00,GJ13KH0437,GJ03KH0407,0.46,truck,cam06,GSRTC,06 Timbavadi gate-Junagadh,rtsp-live,live
2026-09-28T03:48:03+00:00,GJ03ER8216,GJ03ER8216,0.82,car,cam06,GSRTC,06 Timbavadi gate-Junagadh,rtsp-live,live
2026-09-28T03:46:38+00:00,GJ11CO3491,GJ11C03491,0.96,car,cam06,GSRTC,06 Timbavadi gate-Junagadh,rtsp-live,live
2026-09-28T03:46:06+00:00,GJ01RS5926,GJ01RS5926,0.96,car,cam06,GSRTC,06 Timbavadi gate-Junagadh,rtsp-live,live
2026-09-28T03:45:56+00:00,GJ05JF6480,6J05JF6480,0.95,motorcycle,cam06,GSRTC,06 Timbavadi gate-Junagadh,rtsp-live,live
2026-09-28T03:45:56+00:00,GJ32K9819,GJ32 K 9819,0.96,motorcycle,cam06,GSRTC,06 Timbavadi gate-Junagadh,rtsp-live,live
2026-09-28T03:45:14+00:00,GJ11ZO8889,GJ11208889,0.80,motorcycle,cam06,GSRTC,06 Timbavadi gate-Junagadh,rtsp-live,live
2026-09-28T03:45:05+00:00,GJ11BH2735,GJ118H2735,0.93,motorcycle,cam06,GSRTC,06 Timbavadi gate-Junagadh,rtsp-live,live
2026-09-28T03:43:49+00:00,GJ18B5253,6J1885253,0.87,motorcycle,cam06,GSRTC,06 Timbavadi gate-Junagadh,rtsp-live,live
2026-09-28T03:43:37+00:00,GJ03ME9186,GJ03ME9186,0.96,motorcycle,cam06,GSRTC,06 Timbavadi gate-Junagadh,rtsp-live,live
2026-09-28T03:43:26+00:00,GJ11S9258,GJ11S9258,0.97,truck,cam06,GSRTC,06 Timbavadi gate-Junagadh,rtsp-live,live
2026-09-28T03:43:14+00:00,GJ17G1388,GJ1761388,0.77,bus,cam06,GSRTC,06 Timbavadi gate-Junagadh,rtsp-live,live
2026-09-28T03:43:14+00:00,GJ17G1389,6J1761389,0.77,car,cam06,GSRTC,06 Timbavadi gate-Junagadh,rtsp-live,live
2026-09-28T03:42:28+00:00,GJ03MH7800,GJ03MH7800,0.91,car,cam06,GSRTC,06 Timbavadi gate-Junagadh,rtsp-live,live
2026-09-28T03:41:59+00:00,GJ01HM7952,GJ01HM7952,0.96,bus,cam06,GSRTC,06 Timbavadi gate-Junagadh,rtsp-live,live
2026-09-28T03:41:56+00:00,GJ01BB7952,'-GJ01887952,0.91,truck,cam06,GSRTC,06 Timbavadi gate-Junagadh,rtsp-live,live
2026-09-28T03:41:46+00:00,GJ11CG9625,GJ11C69625,0.79,car,cam06,GSRTC,06 Timbavadi gate-Junagadh,rtsp-live,live
2026-09-28T03:41:22+00:00,GJ03EX8807,GJ03EX8807,0.89,car,cam06,GSRTC,06 Timbavadi gate-Junagadh,rtsp-live,live
2026-09-28T03:40:49+00:00,GJ11S7924,GJ11S7924,0.96,truck,cam06,GSRTC,06 Timbavadi gate-Junagadh,rtsp-live,live
2026-09-28T03:40:31+00:00,GJ23H1546,GJ23H1546,0.91,truck,cam06,GSRTC,06 Timbavadi gate-Junagadh,rtsp-live,live
2026-09-28T03:39:53+00:00,GJ32AG2883,GJ32AG2883,0.96,car,cam06,GSRTC,06 Timbavadi gate-Junagadh,rtsp-live,live
2026-09-28T03:39:13+00:00,GJ03FX8807,GJ03FX8807,0.91,motorcycle,cam06,GSRTC,06 Timbavadi gate-Junagadh,rtsp-live,live
2026-09-28T03:38:41+00:00,GJ11S7924,GJ11S7924,0.86,truck,cam06,GSRTC,06 Timbavadi gate-Junagadh,rtsp-live,live
2026-09-28T03:38:22+00:00,GJ23H1546,GJ23H1546,1.00,truck,cam06,GSRTC,06 Timbavadi gate-Junagadh,rtsp-live,live
2026-09-28T03:37:35+00:00,GJ18X,GJ.18.X,0.91,truck,cam06,GSRTC,06 Timbavadi gate-Junagadh,rtsp-live,live
2026-09-28T03:37:11+00:00,GJ11S7924,'-GJ11S7924,0.96,truck,cam06,GSRTC,06 Timbavadi gate-Junagadh,rtsp-live,live
2026-09-28T03:37:11+00:00,GJ11S7974,'-6J11S7974,0.81,motorcycle,cam06,GSRTC,06 Timbavadi gate-Junagadh,rtsp-live,live
2026-09-28T03:36:46+00:00,GJ23H1546,GJ23H1546,0.97,bus,cam06,GSRTC,06 Timbavadi gate-Junagadh,rtsp-live,live
2026-09-28T03:35:58+00:00,GJ18X,GJ.18.X,0.84,truck,cam06,GSRTC,06 Timbavadi gate-Junagadh,rtsp-live,live
2026-09-28T03:35:43+00:00,GJ24BF2220,GJ24BF2220,0.62,car,cam06,GSRTC,06 Timbavadi gate-Junagadh,rtsp-live,live
2026-09-28T03:35:43+00:00,GJ11BH3859,GJ11BH3859,0.98,motorcycle,cam06,GSRTC,06 Timbavadi gate-Junagadh,rtsp-live,live
2026-09-28T03:34:46+00:00,GJ14Z0902,'-6J1420902,0.89,bus,cam06,GSRTC,06 Timbavadi gate-Junagadh,rtsp-live,live
2026-09-28T03:34:33+00:00,GJ11CD3384,GJ11CD3384,0.99,motorcycle,cam06,GSRTC,06 Timbavadi gate-Junagadh,rtsp-live,live
2026-09-28T03:34:01+00:00,GJ11S4318,GJ11S4318,0.96,motorcycle,cam06,GSRTC,06 Timbavadi gate-Junagadh,rtsp-live,live
2026-09-28T03:33:46+00:00,GJ11BR2513,GJ118R2513,0.90,car,cam06,GSRTC,06 Timbavadi gate-Junagadh,rtsp-live,live
2026-09-28T03:33:46+00:00,GJ11CL8225,GJ11CL8225,0.99,car,cam06,GSRTC,06 Timbavadi gate-Junagadh,rtsp-live,live
2026-09-28T03:32:40+00:00,GJ18EF6465,GJ18EF6465,0.98,motorcycle,cam06,GSRTC,06 Timbavadi gate-Junagadh,rtsp-live,live
2026-09-28T03:32:22+00:00,GJ11CO2424,GJ11C02424,0.99,truck,cam06,GSRTC,06 Timbavadi gate-Junagadh,rtsp-live,live
2026-09-28T03:32:08+00:00,GJ05RC9803,GJ05RC9803,0.87,car,cam06,GSRTC,06 Timbavadi gate-Junagadh,rtsp-live,live
2026-09-28T03:31:54+00:00,GJ03XP7434,GJ03XP7434,0.93,car,cam06,GSRTC,06 Timbavadi gate-Junagadh,rtsp-live,live
2026-09-28T03:31:48+00:00,GJ11BH7685,GJ118H7685,0.87,motorcycle,cam06,GSRTC,06 Timbavadi gate-Junagadh,rtsp-live,live
2026-09-28T03:31:23+00:00,GJ11CH8698,GJ11CH8698,0.56,car,cam06,GSRTC,06 Timbavadi gate-Junagadh,rtsp-live,live
2026-09-28T03:31:09+00:00,GJ18,GJ18,1.00,bus,cam06,GSRTC,06 Timbavadi gate-Junagadh,rtsp-live,live
2026-09-28T03:31:02+00:00,GJ18BC9672,GJ18BC9672,0.97,bus,cam06,GSRTC,06 Timbavadi gate-Junagadh,rtsp-live,live
2026-09-28T03:30:23+00:00,GJ08BI8234,6J08818234,0.76,truck,cam06,GSRTC,06 Timbavadi gate-Junagadh,rtsp-live,live
2026-09-28T03:30:23+00:00,GJ25II0888,GJ25110888,0.91,car,cam06,GSRTC,06 Timbavadi gate-Junagadh,rtsp-live,live
2026-09-28T03:30:18+00:00,GJ01RA3681,GJ01RA3681,0.85,car,cam06,GSRTC,06 Timbavadi gate-Junagadh,rtsp-live,live
2026-09-28T03:30:15+00:00,GJ18BL4660,GJ188L4660,0.99,motorcycle,cam06,GSRTC,06 Timbavadi gate-Junagadh,rtsp-live,live
2026-09-28T03:14:59+00:00,GJ18ZT2013,GJ182T2013,0.99,car,cam06,GSRTC,06 Timbavadi gate-Junagadh,rtsp-live,live
2026-09-28T03:14:38+00:00,GJ18ZT1782,GJ18ZT1782,1.00,motorcycle,cam06,GSRTC,06 Timbavadi gate-Junagadh,rtsp-live,live
2026-09-28T03:14:31+00:00,GJ21AA1001,GJ21AA1001,0.91,car,cam06,GSRTC,06 Timbavadi gate-Junagadh,rtsp-live,live
2026-09-28T03:13:45+00:00,GJ11BR1008,'-GJ11BR1008,0.92,motorcycle,cam06,GSRTC,06 Timbavadi gate-Junagadh,rtsp-live,live
2026-09-28T03:13:43+00:00,GJ03LG9656,'-GJ03LG9656,0.53,motorcycle,cam06,GSRTC,06 Timbavadi gate-Junagadh,rtsp-live,live
2026-09-28T03:13:17+00:00,GJ03AZ0644,6J03AZ0644,0.97,truck,cam06,GSRTC,06 Timbavadi gate-Junagadh,rtsp-live,live
2026-09-28T03:12:58+00:00,GJ01KN1659,GJ01KN1659,0.96,bus,cam06,GSRTC,06 Timbavadi gate-Junagadh,rtsp-live,live
2026-09-28T03:12:12+00:00,GJ11CH0340,GJ11CH0340,0.97,motorcycle,cam06,GSRTC,06 Timbavadi gate-Junagadh,rtsp-live,live
2026-09-28T03:10:39+00:00,GJ32AA2864,GJ32AA2864,0.98,truck,cam06,GSRTC,06 Timbavadi gate-Junagadh,rtsp-live,live
2026-09-28T03:10:31+00:00,GJ03PR6082,GJ03PR6082,0.88,car,cam06,GSRTC,06 Timbavadi gate-Junagadh,rtsp-live,live
2026-09-28T03:09:54+00:00,GJ10ON2875,GJ100N2875,0.98,car,cam06,GSRTC,06 Timbavadi gate-Junagadh,rtsp-live,live
2026-09-28T03:09:17+00:00,GJ11BR0928,GJ11BR0928,0.99,car,cam06,GSRTC,06 Timbavadi gate-Junagadh,rtsp-live,live
2026-09-28T03:09:04+00:00,GJ15CB2934,GJ15C82934,0.58,truck,cam06,GSRTC,06 Timbavadi gate-Junagadh,rtsp-live,live
2026-09-28T03:09:04+00:00,GJ03KK0407,GJ03KK0407,0.89,bus,cam06,GSRTC,06 Timbavadi gate-Junagadh,rtsp-live,live
2026-09-28T03:08:56+00:00,GJ11CH3274,'-GJ11CH3274,0.97,car,cam06,GSRTC,06 Timbavadi gate-Junagadh,rtsp-live,live
2026-09-28T03:08:42+00:00,GJ03ER8216,GJ03ER8216,0.97,car,cam06,GSRTC,06 Timbavadi gate-Junagadh,rtsp-live,live
2026-09-28T03:08:13+00:00,GJ02CL3526,6J0ZCL3526,0.89,motorcycle,cam06,GSRTC,06 Timbavadi gate-Junagadh,rtsp-live,live
2026-09-28T03:06:54+00:00,GJ01RS5926,GJ01RS5926,0.88,car,cam06,GSRTC,06 Timbavadi gate-Junagadh,rtsp-live,live
2026-09-28T03:06:50+00:00,GJ03PO2363,GJ03P02363,0.95,car,cam06,GSRTC,06 Timbavadi gate-Junagadh,rtsp-live,live
2026-09-28T03:06:49+00:00,GJ25AA4345,GJ25AA4345,0.99,motorcycle,cam06,GSRTC,06 Timbavadi gate-Junagadh,rtsp-live,live
2026-09-28T03:06:42+00:00,GJ32K9819,GJ32K 9819,0.94,motorcycle,cam06,GSRTC,06 Timbavadi gate-Junagadh,rtsp-live,live
2026-09-28T03:05:44+00:00,GJ37AB9445,GJ37AB9445,0.99,truck,cam06,GSRTC,06 Timbavadi gate-Junagadh,rtsp-live,live
2026-09-28T03:05:00+00:00,GJ32X9985,GJ32 X 9985,0.95,bus,cam06,GSRTC,06 Timbavadi gate-Junagadh,rtsp-live,live
2026-09-28T03:04:34+00:00,GJ18BR5253,GJ188R5253,0.96,motorcycle,cam06,GSRTC,06 Timbavadi gate-Junagadh,rtsp-live,live
2026-09-28T03:04:34+00:00,GJ19BR5253,GJ198R5253,0.94,motorcycle,cam06,GSRTC,06 Timbavadi gate-Junagadh,rtsp-live,live
2026-09-28T03:04:11+00:00,GJ11S9258,GJ11S9258,0.99,bus,cam06,GSRTC,06 Timbavadi gate-Junagadh,rtsp-live,live
2026-09-28T03:04:04+00:00,GJ11G1388,6J1161388,0.91,motorcycle,cam06,GSRTC,06 Timbavadi gate-Junagadh,rtsp-live,live
2026-09-28T03:03:13+00:00,GJ03JR1036,GJ03JR1036,0.89,truck,cam06,GSRTC,06 Timbavadi gate-Junagadh,rtsp-live,live
2026-09-28T03:02:43+00:00,GJ01HM7952,GJ01HM7952,0.98,truck,cam06,GSRTC,06 Timbavadi gate-Junagadh,rtsp-live,live
2026-09-28T03:02:34+00:00,GJ11CO9625,GJ11C09625,0.95,car,cam06,GSRTC,06 Timbavadi gate-Junagadh,rtsp-live,live
2026-09-28T03:01:34+00:00,GJ11S7924,GJ11S7924,0.98,truck,cam06,GSRTC,06 Timbavadi gate-Junagadh,rtsp-live,live
2026-09-28T03:01:17+00:00,GJ23H1546,GJ23H1546,1.00,truck,cam06,GSRTC,06 Timbavadi gate-Junagadh,rtsp-live,live
2026-09-28T02:59:46+00:00,GJ02CL3526,GJ02CL3526,0.91,bus,cam06,GSRTC,06 Timbavadi gate-Junagadh,rtsp-live,live
2026-09-28T02:59:04+00:00,GJ11CO3191,GJ11C03191,0.93,motorcycle,cam06,GSRTC,06 Timbavadi gate-Junagadh,rtsp-live,live
2026-09-28T02:58:55+00:00,GJ11BR8190,GJ118R8190,0.93,car,cam06,GSRTC,06 Timbavadi gate-Junagadh,rtsp-live,live
2026-09-28T02:58:40+00:00,GJ03PO2363,6J03P02363,0.86,motorcycle,cam06,GSRTC,06 Timbavadi gate-Junagadh,rtsp-live,live
2026-09-28T02:58:34+00:00,GJ01RS5926,GJ01RS5926,0.97,motorcycle,cam06,GSRTC,06 Timbavadi gate-Junagadh,rtsp-live,live
2026-09-28T02:58:27+00:00,GJ25AA4345,GJ25AA4345,0.99,motorcycle,cam06,GSRTC,06 Timbavadi gate-Junagadh,rtsp-live,live
2026-09-28T02:57:46+00:00,GJ11OO8889,6J11008889,0.87,motorcycle,cam06,GSRTC,06 Timbavadi gate-Junagadh,rtsp-live,live
2026-09-28T02:57:20+00:00,GJ11BHZ735,GJ11BHZ735,0.60,car,cam06,GSRTC,06 Timbavadi gate-Junagadh,rtsp-live,live
2026-09-28T02:57:18+00:00,GJ37AB9445,GJ37A89445,0.97,truck,cam06,GSRTC,06 Timbavadi gate-Junagadh,rtsp-live,live
2026-09-28T02:56:35+00:00,GJ32X9985,GJ32 X 9985,0.87,truck,cam06,GSRTC,06 Timbavadi gate-Junagadh,rtsp-live,live
2026-09-28T02:56:07+00:00,GJ18BR5253,'-GJ18BR5253,0.86,motorcycle,cam06,GSRTC,06 Timbavadi gate-Junagadh,rtsp-live,live
2026-09-28T02:55:58+00:00,GJ11BH0417,GJ118H0417,0.58,motorcycle,cam06,GSRTC,06 Timbavadi gate-Junagadh,rtsp-live,live
2026-09-28T02:55:41+00:00,GJ11G1388,GJ11 G 1388,0.89,motorcycle,cam06,GSRTC,06 Timbavadi gate-Junagadh,rtsp-live,live
2026-09-28T02:54:49+00:00,GJ03MH7800,GJ03MH7800,0.97,truck,cam06,GSRTC,06 Timbavadi gate-Junagadh,rtsp-live,live
2026-09-28T02:54:18+00:00,GJ01HM7952,GJ01HM7952,0.79,car,cam06,GSRTC,06 Timbavadi gate-Junagadh,rtsp-live,live
2026-09-28T02:54:08+00:00,GJ11CG9625,GJ11C69625,0.92,motorcycle,cam06,GSRTC,06 Timbavadi gate-Junagadh,rtsp-live,live
2026-09-28T02:53:41+00:00,GJ03FX8807,GJ03FX8807,0.93,truck,cam06,GSRTC,06 Timbavadi gate-Junagadh,rtsp-live,live
2026-09-28T02:53:11+00:00,GJ11S7924,GJ11S7924,0.94,truck,cam06,GSRTC,06 Timbavadi gate-Junagadh,rtsp-live,live
2026-09-28T02:52:52+00:00,GJ23H1546,GJ23H1546,1.00,truck,cam06,GSRTC,06 Timbavadi gate-Junagadh,rtsp-live,live
2026-09-28T02:52:14+00:00,GJ32AG2883,GJ32AG2883,0.95,car,cam06,GSRTC,06 Timbavadi gate-Junagadh,rtsp-live,live
2026-09-28T02:50:57+00:00,GJ03JL6883,GJ03JL6883,0.56,motorcycle,cam06,GSRTC,06 Timbavadi gate-Junagadh,rtsp-live,live
2026-09-28T02:50:40+00:00,GJ18,GJ18,0.99,bus,cam06,GSRTC,06 Timbavadi gate-Junagadh,rtsp-live,live
2026-09-28T02:50:37+00:00,GJ18BC9772,'-6J116D3707,0.54,car,cam06,GSRTC,06 Timbavadi gate-Junagadh,rtsp-live,live
2026-09-28T02:49:57+00:00,GJ25II0988,GJ25110988,0.84,motorcycle,cam06,GSRTC,06 Timbavadi gate-Junagadh,rtsp-live,live
2026-09-28T02:49:54+00:00,GJ11BA3681,GJ01RA3681,0.61,motorcycle,cam06,GSRTC,06 Timbavadi gate-Junagadh,rtsp-live,live
2026-09-28T02:48:36+00:00,GJ03JR8399,GJ03JR8399,0.67,bus,cam06,GSRTC,06 Timbavadi gate-Junagadh,rtsp-live,live
2026-09-28T02:48:08+00:00,GJ11CH4401,'-GJ11CH4401,0.84,car,cam06,GSRTC,06 Timbavadi gate-Junagadh,rtsp-live,live
2026-09-28T02:47:29+00:00,GJ01XN1659,'-GJ01XN1659,0.87,car,cam06,GSRTC,06 Timbavadi gate-Junagadh,rtsp-live,live
2026-09-28T02:46:47+00:00,GJ01RS9114,GJ01RS9114,0.94,motorcycle,cam06,GSRTC,06 Timbavadi gate-Junagadh,rtsp-live,live
2026-09-28T02:46:27+00:00,GJ10CG4786,GJ10CG4786,0.97,car,cam06,GSRTC,06 Timbavadi gate-Junagadh,rtsp-live,live
2026-09-28T02:45:15+00:00,GJ32AA2864,GJ32AA2864,1.00,truck,cam06,GSRTC,06 Timbavadi gate-Junagadh,rtsp-live,live
2026-09-28T02:43:58+00:00,GJ11BR0928,GJ11BR0928,0.99,motorcycle,cam06,GSRTC,06 Timbavadi gate-Junagadh,rtsp-live,live
2026-09-28T02:43:38+00:00,GJ03KH0407,GJ03KH0407,0.89,bus,cam06,GSRTC,06 Timbavadi gate-Junagadh,rtsp-live,live
2026-09-28T02:43:36+00:00,GJ11CH3274,GJ11CH3274,1.00,motorcycle,cam06,GSRTC,06 Timbavadi gate-Junagadh,rtsp-live,live
2026-09-28T02:43:33+00:00,GJ11VV7338,GJ11VV7338,0.76,truck,cam06,GSRTC,06 Timbavadi gate-Junagadh,rtsp-live,live
2026-09-28T02:43:07+00:00,GJ11CO1637,'-GJ11C01637,0.92,motorcycle,cam06,GSRTC,06 Timbavadi gate-Junagadh,rtsp-live,live
2026-09-28T02:41:53+00:00,GJ11BR8190,6J118R8190,0.93,car,cam06,GSRTC,06 Timbavadi gate-Junagadh,rtsp-live,live
2026-09-28T02:41:33+00:00,GJ11AS5892,GJ11AS5892,0.94,car,cam06,GSRTC,06 Timbavadi gate-Junagadh,rtsp-live,live
2026-09-28T02:41:27+00:00,GJ01RS5926,GJ01RS5926,0.97,car,cam06,GSRTC,06 Timbavadi gate-Junagadh,rtsp-live,live
2026-09-28T02:41:27+00:00,GJ03PO2863,6.J03P02863,0.88,car,cam06,GSRTC,06 Timbavadi gate-Junagadh,rtsp-live,live
2026-09-28T02:41:13+00:00,GJ32K9819,GJ32 K 9819,0.96,car,cam06,GSRTC,06 Timbavadi gate-Junagadh,rtsp-live,live
2026-09-28T02:40:18+00:00,GJ37AB9445,GJ37AB9445,0.97,car,cam06,GSRTC,06 Timbavadi gate-Junagadh,rtsp-live,live
2026-09-28T02:39:36+00:00,GJ32X9985,GJ32 X 9985,0.91,motorcycle,cam06,GSRTC,06 Timbavadi gate-Junagadh,rtsp-live,live
2026-09-28T02:39:12+00:00,GJ19BR5253,'-GJ198R5253,0.86,motorcycle,cam06,GSRTC,06 Timbavadi gate-Junagadh,rtsp-live,live
2026-09-28T02:38:56+00:00,GJ03ME9186,GJ03ME9186,0.98,motorcycle,cam06,GSRTC,06 Timbavadi gate-Junagadh,rtsp-live,live
2026-09-28T02:38:45+00:00,GJ11S9258,GJ1159258,0.98,truck,cam06,GSRTC,06 Timbavadi gate-Junagadh,rtsp-live,live
2026-09-28T02:38:30+00:00,GJ32B2702,GJ32 B 2702,0.97,car,cam06,GSRTC,06 Timbavadi gate-Junagadh,rtsp-live,live
2026-09-28T02:38:28+00:00,GJ03JC5583,GJ03JC5583,0.89,motorcycle,cam06,GSRTC,06 Timbavadi gate-Junagadh,rtsp-live,live
2026-09-28T02:37:47+00:00,GJ03MH7800,GJ03MH7800,0.95,car,cam06,GSRTC,06 Timbavadi gate-Junagadh,rtsp-live,live
2026-09-28T02:37:15+00:00,GJ01HM7952,'-6.JQ1HM7952,0.79,car,cam06,GSRTC,06 Timbavadi gate-Junagadh,rtsp-live,live
2026-09-28T02:37:07+00:00,GJ11CO9625,GJ11C09625,0.95,car,cam06,GSRTC,06 Timbavadi gate-Junagadh,rtsp-live,live
2026-09-28T02:36:57+00:00,GJ01RA3681,'-GJO1RA3681,0.90,motorcycle,cam06,GSRTC,06 Timbavadi gate-Junagadh,rtsp-live,live
2026-09-28T02:21:38+00:00,GJ18BL4660,GJ188L4660,0.99,motorcycle,cam06,GSRTC,06 Timbavadi gate-Junagadh,rtsp-live,live
2026-09-28T02:20:08+00:00,GJ11CH4401,GJ11CH4401,0.58,motorcycle,cam06,GSRTC,06 Timbavadi gate-Junagadh,rtsp-live,live
2026-09-28T02:19:58+00:00,GJ11BR1008,GJ11BR1008,0.95,car,cam06,GSRTC,06 Timbavadi gate-Junagadh,rtsp-live,live
2026-09-28T02:19:48+00:00,GJ03AZ0644,GJ03AZ0644,0.96,motorcycle,cam06,GSRTC,06 Timbavadi gate-Junagadh,rtsp-live,live
2026-09-28T02:17:04+00:00,GJ32AA2854,GJ32AA2854,0.91,truck,cam06,GSRTC,06 Timbavadi gate-Junagadh,rtsp-live,live
2026-09-28T02:16:58+00:00,GJ03PR5082,GJ03PR5082,0.92,car,cam06,GSRTC,06 Timbavadi gate-Junagadh,rtsp-live,live
2026-09-28T02:16:53+00:00,GJ11,GJ11,0.72,motorcycle,cam06,GSRTC,06 Timbavadi gate-Junagadh,rtsp-live,live
2026-09-28T02:15:48+00:00,GJ11BR0928,GJ11BR0928,0.92,motorcycle,cam06,GSRTC,06 Timbavadi gate-Junagadh,rtsp-live,live
2026-09-28T02:15:31+00:00,GJ03KH0407,GJ03KH0407,0.90,truck,cam06,GSRTC,06 Timbavadi gate-Junagadh,rtsp-live,live
2026-09-28T02:15:22+00:00,GJ11CH3274,'-GJ11CH3274,0.62,car,cam06,GSRTC,06 Timbavadi gate-Junagadh,rtsp-live,live
2026-09-28T02:15:07+00:00,GJ03ER8216,GJ03ER8216,0.96,car,cam06,GSRTC,06 Timbavadi gate-Junagadh,rtsp-live,live
2026-09-28T02:13:42+00:00,GJ11BR8190,6J118R8190,0.93,car,cam06,GSRTC,06 Timbavadi gate-Junagadh,rtsp-live,live
2026-09-28T02:12:59+00:00,GJ32X9819,GJ32 X 9819,0.86,car,cam06,GSRTC,06 Timbavadi gate-Junagadh,rtsp-live,live
2026-09-28T02:12:21+00:00,GJ11CD8899,GJ11CD8899,0.89,car,cam06,GSRTC,06 Timbavadi gate-Junagadh,rtsp-live,live
2026-09-28T02:12:07+00:00,GJ37AB9445,GJ37AB9445,0.99,truck,cam06,GSRTC,06 Timbavadi gate-Junagadh,rtsp-live,live
2026-09-28T02:10:55+00:00,GJ19BR5253,'-GJ198R5253,0.86,bus,cam06,GSRTC,06 Timbavadi gate-Junagadh,rtsp-live,live
2026-09-28T02:10:48+00:00,GJ03ME9186,GJ03ME9186,0.57,motorcycle,cam06,GSRTC,06 Timbavadi gate-Junagadh,rtsp-live,live
2026-09-28T02:10:48+00:00,GJ11BH0417,GJ11BH0417,0.92,motorcycle,cam06,GSRTC,06 Timbavadi gate-Junagadh,rtsp-live,live
2026-09-28T02:10:16+00:00,GJ07IG5580,6.J07165580,0.77,car,cam06,GSRTC,06 Timbavadi gate-Junagadh,rtsp-live,live
2026-09-28T02:09:45+00:00,GJ03MH7800,GJ03MH7800,0.67,motorcycle,cam06,GSRTC,06 Timbavadi gate-Junagadh,rtsp-live,live
2026-09-28T02:09:09+00:00,GJ01HM7952,GJ01HM7952,0.87,car,cam06,GSRTC,06 Timbavadi gate-Junagadh,rtsp-live,live
2026-09-28T02:09:09+00:00,GJ11CO3625,GJ11C03625,0.85,motorcycle,cam06,GSRTC,06 Timbavadi gate-Junagadh,rtsp-live,live
2026-09-28T02:07:59+00:00,GJ11S7924,GJ11S7924,0.98,truck,cam06,GSRTC,06 Timbavadi gate-Junagadh,rtsp-live,live
2026-09-28T02:07:03+00:00,GJ32AG2883,GJ32AG2883,0.95,bus,cam06,GSRTC,06 Timbavadi gate-Junagadh,rtsp-live,live
2026-09-28T01:51:15+00:00,GJ18BL4660,GJ188L4660,1.00,bus,cam06,GSRTC,06 Timbavadi gate-Junagadh,rtsp-live,live
2026-09-28T01:51:14+00:00,GJ11CQ8831,GJ11CQ8831,0.97,car,cam06,GSRTC,06 Timbavadi gate-Junagadh,rtsp-live,live
2026-09-28T01:50:45+00:00,GJ04Z0610,GJ04Z0610,0.97,bus,cam06,GSRTC,06 Timbavadi gate-Junagadh,rtsp-live,live
2026-09-28T01:50:16+00:00,GJ03LG6586,GJ03LG6586,0.93,bus,cam06,GSRTC,06 Timbavadi gate-Junagadh,rtsp-live,live
2026-09-28T01:49:59+00:00,GJ11CH4401,GJ11CH4401,0.98,motorcycle,cam06,GSRTC,06 Timbavadi gate-Junagadh,rtsp-live,live
2026-09-28T01:49:46+00:00,GJ11BR1008,GJ118R1008,0.88,car,cam06,GSRTC,06 Timbavadi gate-Junagadh,rtsp-live,live
2026-09-28T01:49:41+00:00,GJ18BB7584,GJ18887584,0.93,car,cam06,GSRTC,06 Timbavadi gate-Junagadh,rtsp-live,live
2026-09-28T01:49:41+00:00,GJ03AZ0644,6J03AZ0644,0.98,motorcycle,cam06,GSRTC,06 Timbavadi gate-Junagadh,rtsp-live,live
2026-09-28T01:48:27+00:00,GJ01RS9114,G.J01RS9114,0.87,car,cam06,GSRTC,06 Timbavadi gate-Junagadh,rtsp-live,live
2026-09-28T01:48:06+00:00,GJ10CG4796,GJ10CG4796,0.88,motorcycle,cam06,GSRTC,06 Timbavadi gate-Junagadh,rtsp-live,live
2026-09-28T01:48:04+00:00,GJ10CG4786,GJ10CG4786,0.94,car,cam06,GSRTC,06 Timbavadi gate-Junagadh,rtsp-live,live
2026-09-28T01:47:01+00:00,GJ32AA2864,GJ32AA2864,0.99,motorcycle,cam06,GSRTC,06 Timbavadi gate-Junagadh,rtsp-live,live
2026-09-28T01:47:01+00:00,GJ32AA2854,'-GJ32AA2854,0.82,motorcycle,cam06,GSRTC,06 Timbavadi gate-Junagadh,rtsp-live,live
2026-09-28T01:46:20+00:00,GJ10OM2875,GJ100M2875,0.90,motorcycle,cam06,GSRTC,06 Timbavadi gate-Junagadh,rtsp-live,live
2026-09-28T01:45:13+00:00,GJ11CH3274,'-GJ11CH3274,0.67,truck,cam06,GSRTC,06 Timbavadi gate-Junagadh,rtsp-live,live
2026-09-28T01:45:13+00:00,GJ15EB2934,GJ15E82934,0.93,motorcycle,cam06,GSRTC,06 Timbavadi gate-Junagadh,rtsp-live,live
2026-09-28T01:45:02+00:00,GJ03JR5317,GJ03JR5317,0.99,truck,cam06,GSRTC,06 Timbavadi gate-Junagadh,rtsp-live,live
2026-09-28T01:44:57+00:00,GJ03ER8216,GJ03ER8216,0.99,car,cam06,GSRTC,06 Timbavadi gate-Junagadh,rtsp-live,live
2026-09-28T01:44:21+00:00,GJ11DB2886,GJ11DB2886,0.99,car,cam06,GSRTC,06 Timbavadi gate-Junagadh,rtsp-live,live
2026-09-28T01:43:33+00:00,GJ11CO3491,GJ11C03491,0.94,truck,cam06,GSRTC,06 Timbavadi gate-Junagadh,rtsp-live,live
2026-09-28T01:43:29+00:00,GJ11BR8190,6J118R8190,0.93,car,cam06,GSRTC,06 Timbavadi gate-Junagadh,rtsp-live,live
2026-09-28T01:43:20+00:00,GJ11AS5892,GJ11AS5892,0.95,motorcycle,cam06,GSRTC,06 Timbavadi gate-Junagadh,rtsp-live,live
2026-09-28T01:42:52+00:00,GJ05JF6480,6J05JF6480,0.97,car,cam06,GSRTC,06 Timbavadi gate-Junagadh,rtsp-live,live
2026-09-28T01:42:52+00:00,GJ32X9819,GJ32 X 9819,0.86,motorcycle,cam06,GSRTC,06 Timbavadi gate-Junagadh,rtsp-live,live
2026-09-28T01:41:57+00:00,GJ37AB9445,GJ37AB9445,0.96,truck,cam06,GSRTC,06 Timbavadi gate-Junagadh,rtsp-live,live
2026-09-28T01:41:14+00:00,GJ32K9985,6J32K9985,0.98,motorcycle,cam06,GSRTC,06 Timbavadi gate-Junagadh,rtsp-live,live
2026-09-28T01:40:18+00:00,GJ11G1388,6J1161388,0.85,motorcycle,cam06,GSRTC,06 Timbavadi gate-Junagadh,rtsp-live,live
2026-09-28T01:40:10+00:00,GJ03JC5583,GJ03JC5583,0.95,car,cam06,GSRTC,06 Timbavadi gate-Junagadh,rtsp-live,live
2026-09-28T01:39:22+00:00,GJ03MH7800,GJ03MH7800,0.94,car,cam06,GSRTC,06 Timbavadi gate-Junagadh,rtsp-live,live
2026-09-28T01:38:57+00:00,GJ11CO9625,GJ11C09625,0.92,motorcycle,cam06,GSRTC,06 Timbavadi gate-Junagadh,rtsp-live,live
2026-09-28T01:38:52+00:00,GJ01BB7952,'-GJ01887952,0.85,truck,cam06,GSRTC,06 Timbavadi gate-Junagadh,rtsp-live,live
2026-09-28T01:38:20+00:00,GJ03EK8807,GJ03EK8807,0.87,car,cam06,GSRTC,06 Timbavadi gate-Junagadh,rtsp-live,live
2026-09-28T01:37:48+00:00,GJ11S7924,GJ11S7924,0.93,truck,cam06,GSRTC,06 Timbavadi gate-Junagadh,rtsp-live,live
2026-09-28T01:36:52+00:00,GJ32AG2883,GJ32AG2883,0.99,car,cam06,GSRTC,06 Timbavadi gate-Junagadh,rtsp-live,live
2026-09-28T01:36:42+00:00,GJ18X,GJ.18X,0.91,truck,cam06,GSRTC,06 Timbavadi gate-Junagadh,rtsp-live,live
2026-09-28T01:35:20+00:00,GJ11CO3491,GJ11C03491,0.96,car,cam06,GSRTC,06 Timbavadi gate-Junagadh,rtsp-live,live
2026-09-28T01:34:50+00:00,GJ03PO2863,GJ03P02863,0.85,car,cam06,GSRTC,06 Timbavadi gate-Junagadh,rtsp-live,live
2026-09-28T01:34:50+00:00,GJ01BS5926,6J018S5926,0.87,truck,cam06,GSRTC,06 Timbavadi gate-Junagadh,rtsp-live,live
2026-09-28T01:34:41+00:00,GJ32X9819,GJ32 X 9819,0.88,motorcycle,cam06,GSRTC,06 Timbavadi gate-Junagadh,rtsp-live,live
2026-09-28T01:34:02+00:00,GJ11CD8899,GJ11CD8899,0.95,motorcycle,cam06,GSRTC,06 Timbavadi gate-Junagadh,rtsp-live,live
2026-09-28T01:33:53+00:00,GJ11BH2735,GJ118H2735,0.96,motorcycle,cam06,GSRTC,06 Timbavadi gate-Junagadh,rtsp-live,live
2026-09-28T01:32:56+00:00,GJ32K9985,6J32K9985,0.81,truck,cam06,GSRTC,06 Timbavadi gate-Junagadh,rtsp-live,live
2026-09-28T01:32:22+00:00,GJ11BH0417,GJ11BH0417,0.90,motorcycle,cam06,GSRTC,06 Timbavadi gate-Junagadh,rtsp-live,live
2026-09-28T01:32:10+00:00,GJ11S9258,GJ1159258,0.98,truck,cam06,GSRTC,06 Timbavadi gate-Junagadh,rtsp-live,live
2026-09-28T01:31:53+00:00,GJ03JC5583,GJ03JC5583,0.96,motorcycle,cam06,GSRTC,06 Timbavadi gate-Junagadh,rtsp-live,live
2026-09-28T01:31:13+00:00,GJ03MH7800,GJ03MH7800,0.97,truck,cam06,GSRTC,06 Timbavadi gate-Junagadh,rtsp-live,live
2026-09-28T01:30:42+00:00,GJ01HM7952,GJ01HM7952,0.96,bus,cam06,GSRTC,06 Timbavadi gate-Junagadh,rtsp-live,live
2026-09-28T01:30:05+00:00,GJ03FX8807,GJ03FX8807,0.96,car,cam06,GSRTC,06 Timbavadi gate-Junagadh,rtsp-live,live
2026-09-28T01:29:36+00:00,GJ11S7924,6J11S7924,0.99,bus,cam06,GSRTC,06 Timbavadi gate-Junagadh,rtsp-live,live
2026-09-28T01:28:45+00:00,GJ32AG2883,GJ32AG2883,0.99,motorcycle,cam06,GSRTC,06 Timbavadi gate-Junagadh,rtsp-live,live
2026-09-28T01:27:35+00:00,GJ11S7924,GJ11S7924,0.94,truck,cam06,GSRTC,06 Timbavadi gate-Junagadh,rtsp-live,live
2026-09-28T01:27:15+00:00,GJ23H1546,6J23H1546,0.94,truck,cam06,GSRTC,06 Timbavadi gate-Junagadh,rtsp-live,live
2026-09-28T01:26:42+00:00,GJ32AG2883,GJ32AG2883,0.99,motorcycle,cam06,GSRTC,06 Timbavadi gate-Junagadh,rtsp-live,live
2026-09-28T01:25:21+00:00,GJ32AG2883,GJ32AG2883,1.00,motorcycle,cam06,GSRTC,06 Timbavadi gate-Junagadh,rtsp-live,live
2026-09-28T01:25:08+00:00,GJ18X,GJ.18.X,0.90,truck,cam06,GSRTC,06 Timbavadi gate-Junagadh,rtsp-live,live
2026-09-28T01:24:41+00:00,GJ23H1546,GJ23H1546,1.00,truck,cam06,GSRTC,06 Timbavadi gate-Junagadh,rtsp-live,live
2026-09-28T01:22:55+00:00,GJ52AB2883,GJS2A82883,0.88,motorcycle,cam06,GSRTC,06 Timbavadi gate-Junagadh,rtsp-live,live
2026-09-28T01:22:42+00:00,GJ32AS2887,GJ3ZA52887,0.76,car,cam06,GSRTC,06 Timbavadi gate-Junagadh,rtsp-live,live
2026-09-28T01:22:42+00:00,GJ32AG2883,GJ32A62883,0.99,car,cam06,GSRTC,06 Timbavadi gate-Junagadh,rtsp-live,live
2026-09-28T01:21:51+00:00,GJ23H1546,GJ23H1546,1.00,truck,cam06,GSRTC,06 Timbavadi gate-Junagadh,rtsp-live,live
2026-09-28T01:21:17+00:00,GJ32AG2883,GJ32AG2883,0.99,motorcycle,cam06,GSRTC,06 Timbavadi gate-Junagadh,rtsp-live,live
2026-09-28T01:20:58+00:00,GJ18X,GJ.18.X,0.87,truck,cam06,GSRTC,06 Timbavadi gate-Junagadh,rtsp-live,live
2026-09-28T01:19:53+00:00,GJ32AG2883,GJ32AG2883,0.96,car,cam06,GSRTC,06 Timbavadi gate-Junagadh,rtsp-live,live
2026-09-28T01:19:16+00:00,GJ32G2883,6J32 62883,0.80,car,cam06,GSRTC,06 Timbavadi gate-Junagadh,rtsp-live,live
2026-09-28T01:18:17+00:00,GJ32AG2883,GJ32AG2883,0.99,motorcycle,cam06,GSRTC,06 Timbavadi gate-Junagadh,rtsp-live,live
2026-09-28T01:16:51+00:00,GJ03HR0416,GJ03HR0416,0.97,motorcycle,cam06,GSRTC,06 Timbavadi gate-Junagadh,rtsp-live,live
2026-09-28T01:16:42+00:00,GJ25AA0888,GJ25AA0888,0.97,car,cam06,GSRTC,06 Timbavadi gate-Junagadh,rtsp-live,live
2026-09-28T01:16:39+00:00,GJ01RA3681,GJ01RA3681,0.94,car,cam06,GSRTC,06 Timbavadi gate-Junagadh,rtsp-live,live
2026-09-28T01:15:24+00:00,GJ03JR8399,GJ03JR8399,0.97,car,cam06,GSRTC,06 Timbavadi gate-Junagadh,rtsp-live,live
2026-09-28T01:15:01+00:00,GJ11BR1008,GJ118R1008,0.88,car,cam06,GSRTC,06 Timbavadi gate-Junagadh,rtsp-live,live
2026-09-28T01:14:47+00:00,GJ03AZ0644,GJ03AZ0644,0.97,motorcycle,cam06,GSRTC,06 Timbavadi gate-Junagadh,rtsp-live,live
2026-09-28T01:14:22+00:00,GJ01XN1659,'-GJ01XN1659,0.87,car,cam06,GSRTC,06 Timbavadi gate-Junagadh,rtsp-live,live
2026-09-28T01:13:44+00:00,GJ01RS9114,G.J01RS9114,0.93,motorcycle,cam06,GSRTC,06 Timbavadi gate-Junagadh,rtsp-live,live
2026-09-28T01:12:05+00:00,GJ32AA2854,GJ32AA2854,0.91,truck,cam06,GSRTC,06 Timbavadi gate-Junagadh,rtsp-live,live
2026-09-28T01:11:54+00:00,GJ03PR5082,GJ03PR5082,0.91,truck,cam06,GSRTC,06 Timbavadi gate-Junagadh,rtsp-live,live
2026-09-28T01:11:18+00:00,GJ10ON2875,'-GJ100N2875,0.96,car,cam06,GSRTC,06 Timbavadi gate-Junagadh,rtsp-live,live
2026-09-28T01:10:28+00:00,GJ11CH3274,'-GJ11CH3274,0.67,truck,cam06,GSRTC,06 Timbavadi gate-Junagadh,rtsp-live,live
2026-09-28T01:10:23+00:00,GJ15CB2934,GJ15CB2934,0.98,car,cam06,GSRTC,06 Timbavadi gate-Junagadh,rtsp-live,live
2026-09-28T01:10:06+00:00,GJ03ER8216,GJ03ER8216,0.99,car,cam06,GSRTC,06 Timbavadi gate-Junagadh,rtsp-live,live
2026-09-28T01:09:34+00:00,GJ02CL3526,6J0ZCL3526,0.89,car,cam06,GSRTC,06 Timbavadi gate-Junagadh,rtsp-live,live
2026-09-28T01:08:23+00:00,GJ11AS5892,GJ11AS5892,0.94,car,cam06,GSRTC,06 Timbavadi gate-Junagadh,rtsp-live,live
2026-09-28T01:08:14+00:00,GJ01RS5926,6J01RS5926,0.87,car,cam06,GSRTC,06 Timbavadi gate-Junagadh,rtsp-live,live
2026-09-28T01:08:04+00:00,GJ32K9819,GJ32 K 9819,0.96,motorcycle,cam06,GSRTC,06 Timbavadi gate-Junagadh,rtsp-live,live
2026-09-28T01:07:08+00:00,GJ37IB9445,'-GJ37189445,0.91,truck,cam06,GSRTC,06 Timbavadi gate-Junagadh,rtsp-live,live
2026-09-28T01:06:22+00:00,GJ32K9995,6J32K 9995,0.75,truck,cam06,GSRTC,06 Timbavadi gate-Junagadh,rtsp-live,live
2026-09-28T01:05:22+00:00,GJ03JC5583,GJ03JC5583,0.96,car,cam06,GSRTC,06 Timbavadi gate-Junagadh,rtsp-live,live
2026-09-28T01:04:34+00:00,GJ03JR1036,GJ03JR1036,0.91,car,cam06,GSRTC,06 Timbavadi gate-Junagadh,rtsp-live,live
2026-09-28T01:04:04+00:00,GJ01HM7952,'-GJ01HM7952,0.88,truck,cam06,GSRTC,06 Timbavadi gate-Junagadh,rtsp-live,live
2026-09-28T01:04:00+00:00,GJ11CO9625,6J11C09625,0.95,motorcycle,cam06,GSRTC,06 Timbavadi gate-Junagadh,rtsp-live,live
2026-09-28T01:03:06+00:00,GJ11S7924,"""GJ11S7924",0.92,bus,cam06,GSRTC,06 Timbavadi gate-Junagadh,rtsp-live,live
2026-09-28T00:47:28+00:00,GJ11CO8831,GJ11C08831,0.99,motorcycle,cam06,GSRTC,06 Timbavadi gate-Junagadh,rtsp-live,live
2026-09-28T00:46:28+00:00,GJ03LG6586,GJ03LG6586,0.98,truck,cam06,GSRTC,06 Timbavadi gate-Junagadh,rtsp-live,live
2026-09-28T00:46:05+00:00,GJ03LG9855,6J03L69855,0.85,motorcycle,cam06,GSRTC,06 Timbavadi gate-Junagadh,rtsp-live,live
2026-09-28T00:45:51+00:00,GJ18BB7584,GJ18887584,0.94,car,cam06,GSRTC,06 Timbavadi gate-Junagadh,rtsp-live,live
2026-09-28T00:45:44+00:00,GJ03AZ0644,6J03AZ0644,0.98,bus,cam06,GSRTC,06 Timbavadi gate-Junagadh,rtsp-live,live
2026-09-28T00:45:23+00:00,GJ01XN1859,GJ01XN1859,0.82,motorcycle,cam06,GSRTC,06 Timbavadi gate-Junagadh,rtsp-live,live
2026-09-28T00:45:04+00:00,GJ11BR2509,GJ118R2509,0.91,car,cam06,GSRTC,06 Timbavadi gate-Junagadh,rtsp-live,live
2026-09-28T00:44:45+00:00,GJ01RS9114,GJ01RS9114,0.94,truck,cam06,GSRTC,06 Timbavadi gate-Junagadh,rtsp-live,live
2026-09-28T00:44:20+00:00,GJ10CG4786,GJ10CG4786,0.87,bus,cam06,GSRTC,06 Timbavadi gate-Junagadh,rtsp-live,live
2026-09-28T00:44:20+00:00,GJ11,GJ11,1.00,car,cam06,GSRTC,06 Timbavadi gate-Junagadh,rtsp-live,live
2026-09-28T00:43:05+00:00,GJ32AA2864,GJ32AA2864,1.00,truck,cam06,GSRTC,06 Timbavadi gate-Junagadh,rtsp-live,live
2026-09-28T00:42:52+00:00,GJ03PP6082,6J03PP6082,0.66,bus,cam06,GSRTC,06 Timbavadi gate-Junagadh,rtsp-live,live
2026-09-28T00:42:22+00:00,GJ10DN2875,GJ10DN2875,0.94,motorcycle,cam06,GSRTC,06 Timbavadi gate-Junagadh,rtsp-live,live
2026-09-28T00:41:41+00:00,GJ11BR0928,GJ11BR0928,0.99,car,cam06,GSRTC,06 Timbavadi gate-Junagadh,rtsp-live,live
2026-09-28T00:41:25+00:00,GJ11CH3234,GJ11VV7338,0.64,motorcycle,cam06,GSRTC,06 Timbavadi gate-Junagadh,rtsp-live,live
2026-09-28T00:41:20+00:00,GJ15CB2934,6J15C82934,0.89,car,cam06,GSRTC,06 Timbavadi gate-Junagadh,rtsp-live,live
2026-09-28T00:41:11+00:00,GJ03ER8216,GJ03ER8216,0.94,car,cam06,GSRTC,06 Timbavadi gate-Junagadh,rtsp-live,live
2026-09-28T00:40:36+00:00,GJ02CL3526,GJ02CL3526,0.96,car,cam06,GSRTC,06 Timbavadi gate-Junagadh,rtsp-live,live
2026-09-28T00:39:49+00:00,GJ11CD3491,GJ11CD3491,0.96,motorcycle,cam06,GSRTC,06 Timbavadi gate-Junagadh,rtsp-live,live
2026-09-28T00:39:47+00:00,GJ11BR8190,GJ118R8190,0.92,motorcycle,cam06,GSRTC,06 Timbavadi gate-Junagadh,rtsp-live,live
2026-09-28T00:39:15+00:00,GJ01RS5926,GJ01R55926,0.88,bus,cam06,GSRTC,06 Timbavadi gate-Junagadh,rtsp-live,live
2026-09-28T00:39:11+00:00,GJ25AA4345,GJ25AA4345,0.94,motorcycle,cam06,GSRTC,06 Timbavadi gate-Junagadh,rtsp-live,live
2026-09-28T00:38:34+00:00,GJ11CO8889,GJ11C08889,0.87,motorcycle,cam06,GSRTC,06 Timbavadi gate-Junagadh,rtsp-live,live
2026-09-28T00:38:09+00:00,GJ37AB9445,GJ37A89445,0.95,car,cam06,GSRTC,06 Timbavadi gate-Junagadh,rtsp-live,live
2026-09-28T00:37:27+00:00,GJ32K9985,GJ32 K 9985,0.97,motorcycle,cam06,GSRTC,06 Timbavadi gate-Junagadh,rtsp-live,live
2026-09-28T00:36:58+00:00,GJ18BR5253,GJ18BR5253,0.97,motorcycle,cam06,GSRTC,06 Timbavadi gate-Junagadh,rtsp-live,live
2026-09-28T00:36:58+00:00,GJ19BB5253,GJ19885253,0.86,motorcycle,cam06,GSRTC,06 Timbavadi gate-Junagadh,rtsp-live,live
2026-09-28T00:36:47+00:00,GJ03ME9186,GJ03ME9186,0.93,motorcycle,cam06,GSRTC,06 Timbavadi gate-Junagadh,rtsp-live,live
2026-09-28T00:35:38+00:00,GJ03JR1036,GJ03.JR1036,0.91,car,cam06,GSRTC,06 Timbavadi gate-Junagadh,rtsp-live,live
2026-09-28T00:35:04+00:00,GJ01HM7952,GJ01HM7952,0.95,bus,cam06,GSRTC,06 Timbavadi gate-Junagadh,rtsp-live,live
2026-09-28T00:34:56+00:00,GJ11CO9625,GJ11C09625,0.91,car,cam06,GSRTC,06 Timbavadi gate-Junagadh,rtsp-live,live
2026-09-28T00:34:31+00:00,GJ03FX8807,GJ03FX8807,0.91,motorcycle,cam06,GSRTC,06 Timbavadi gate-Junagadh,rtsp-live,live
2026-09-28T00:33:58+00:00,GJ11S7924,GJ11S7924,0.95,truck,cam06,GSRTC,06 Timbavadi gate-Junagadh,rtsp-live,live
2026-09-28T00:33:41+00:00,GJ23H1546,GJ23H1546,0.99,truck,cam06,GSRTC,06 Timbavadi gate-Junagadh,rtsp-live,live
2026-09-28T00:32:27+00:00,GJ32AG2883,GJ32AG2883,0.99,motorcycle,cam06,GSRTC,06 Timbavadi gate-Junagadh,rtsp-live,live
2026-09-28T00:31:45+00:00,GJ03MH7800,GJ03MH7800,0.94,car,cam06,GSRTC,06 Timbavadi gate-Junagadh,rtsp-live,live
2026-09-28T00:31:09+00:00,GJ01HM7952,GJ01HM7952,0.95,bus,cam06,GSRTC,06 Timbavadi gate-Junagadh,rtsp-live,live
2026-09-28T00:30:03+00:00,GJ11S7924,GJ11S7924,0.95,truck,cam06,GSRTC,06 Timbavadi gate-Junagadh,rtsp-live,live
2026-09-28T00:29:46+00:00,GJ23H1546,GJ23H1546.,1.00,car,cam06,GSRTC,06 Timbavadi gate-Junagadh,rtsp-live,live
2026-09-28T00:27:12+00:00,GJ03JL6883,GJ03JL6883,0.96,car,cam06,GSRTC,06 Timbavadi gate-Junagadh,rtsp-live,live
2026-09-28T00:27:00+00:00,GJ03CE0033,'-GJ03CE0033,0.92,car,cam06,GSRTC,06 Timbavadi gate-Junagadh,rtsp-live,live
2026-09-28T00:26:51+00:00,GJ18BC9674,6.J188C9674,0.85,car,cam06,GSRTC,06 Timbavadi gate-Junagadh,rtsp-live,live
2026-09-28T00:26:33+00:00,GJ03HR0416,GJ03HR0416,0.96,motorcycle,cam06,GSRTC,06 Timbavadi gate-Junagadh,rtsp-live,live
2026-09-28T00:26:19+00:00,GJ01BA7691,GJ018A7691,0.74,car,cam06,GSRTC,06 Timbavadi gate-Junagadh,rtsp-live,live
2026-09-28T00:25:29+00:00,GJ04Z0610,GJ04Z0610,0.94,bus,cam06,GSRTC,06 Timbavadi gate-Junagadh,rtsp-live,live
2026-09-28T00:25:01+00:00,GJ03JR8399,GJ03JR8399,0.68,bus,cam06,GSRTC,06 Timbavadi gate-Junagadh,rtsp-live,live
2026-09-28T00:24:41+00:00,GJ03LG9656,GJO3LG9656,0.58,motorcycle,cam06,GSRTC,06 Timbavadi gate-Junagadh,rtsp-live,live
2026-09-28T00:24:29+00:00,GJ11BR1008,GJ118R1008,0.89,car,cam06,GSRTC,06 Timbavadi gate-Junagadh,rtsp-live,live
2026-09-28T00:23:59+00:00,GJ01XN1659,'-GJ01XN1659,0.87,motorcycle,cam06,GSRTC,06 Timbavadi gate-Junagadh,rtsp-live,live
2026-09-28T00:22:44+00:00,GJ11,GJ11,1.00,bus,cam06,GSRTC,06 Timbavadi gate-Junagadh,rtsp-live,live
2026-09-28T00:21:43+00:00,GJ32AA2854,GJ32AA2854,0.86,motorcycle,cam06,GSRTC,06 Timbavadi gate-Junagadh,rtsp-live,live
2026-09-28T00:21:37+00:00,GJ32AA2864,GJ32AA2864,0.86,truck,cam06,GSRTC,06 Timbavadi gate-Junagadh,rtsp-live,live
2026-09-28T00:21:27+00:00,GJ03PR6082,GJ03PR6082,0.91,car,cam06,GSRTC,06 Timbavadi gate-Junagadh,rtsp-live,live
2026-09-28T00:20:48+00:00,GJ10ON2875,'-GJ100N2875,0.96,car,cam06,GSRTC,06 Timbavadi gate-Junagadh,rtsp-live,live
2026-09-28T00:20:16+00:00,GJ11BR0928,6J118R0928,0.93,car,cam06,GSRTC,06 Timbavadi gate-Junagadh,rtsp-live,live
2026-09-28T00:20:07+00:00,GJ11CH3274,'-GJ11CH3274,0.98,motorcycle,cam06,GSRTC,06 Timbavadi gate-Junagadh,rtsp-live,live
2026-09-28T00:18:24+00:00,GJ11BR8190,GJ11BR8190,0.94,motorcycle,cam06,GSRTC,06 Timbavadi gate-Junagadh,rtsp-live,live
2026-09-28T00:18:20+00:00,GJ27AA0401,GJ27AA0401,0.93,truck,cam06,GSRTC,06 Timbavadi gate-Junagadh,rtsp-live,live
2026-09-28T00:17:48+00:00,GJ01BS5926,6J01855926,0.86,truck,cam06,GSRTC,06 Timbavadi gate-Junagadh,rtsp-live,live
2026-09-28T00:17:48+00:00,GJ01RS5926,6J01RS5926,0.87,car,cam06,GSRTC,06 Timbavadi gate-Junagadh,rtsp-live,live
2026-09-28T00:17:48+00:00,GJ32X9819,GJ32 X 9819,0.86,motorcycle,cam06,GSRTC,06 Timbavadi gate-Junagadh,rtsp-live,live
2026-09-28T00:17:38+00:00,GJ05JF6480,6.J05JF6480,0.89,car,cam06,GSRTC,06 Timbavadi gate-Junagadh,rtsp-live,live
2026-09-28T00:16:41+00:00,GJ37AB9445,GJ37AB9445,0.99,bus,cam06,GSRTC,06 Timbavadi gate-Junagadh,rtsp-live,live
2026-09-28T00:16:01+00:00,GJ32K9985,GJ32K 9985,0.98,motorcycle,cam06,GSRTC,06 Timbavadi gate-Junagadh,rtsp-live,live
2026-09-28T00:15:58+00:00,GJ32I9989,6J3219989,0.73,motorcycle,cam06,GSRTC,06 Timbavadi gate-Junagadh,rtsp-live,live
2026-09-28T00:15:22+00:00,GJ03ME9186,GJ03ME9186,0.89,motorcycle,cam06,GSRTC,06 Timbavadi gate-Junagadh,rtsp-live,live
2026-09-28T00:15:02+00:00,GJ11G1388,GJ11 G1388,0.87,motorcycle,cam06,GSRTC,06 Timbavadi gate-Junagadh,rtsp-live,live
2026-09-28T00:14:12+00:00,GJ03JR1036,GJ03JR1036,0.95,car,cam06,GSRTC,06 Timbavadi gate-Junagadh,rtsp-live,live
2026-09-27T23:57:31+00:00,GJ21AA1001,GJ21AA1001,0.93,car,cam06,GSRTC,06 Timbavadi gate-Junagadh,rtsp-live,live
2026-09-27T23:57:31+00:00,GJ04Z0610,GJ04Z0610,0.87,bus,cam06,GSRTC,06 Timbavadi gate-Junagadh,rtsp-live,live
2026-09-27T23:56:56+00:00,GJ03JR8399,GJ03JR8399,0.90,car,cam06,GSRTC,06 Timbavadi gate-Junagadh,rtsp-live,live
2026-09-27T23:56:34+00:00,GJ11CH4401,GJ11CH4401,0.76,car,cam06,GSRTC,06 Timbavadi gate-Junagadh,rtsp-live,live
2026-09-27T23:55:10+00:00,GJ01RS9114,GJ01RS9114,0.95,motorcycle,cam06,GSRTC,06 Timbavadi gate-Junagadh,rtsp-live,live
2026-09-27T23:54:51+00:00,GJ11,GJ11,1.00,car,cam06,GSRTC,06 Timbavadi gate-Junagadh,rtsp-live,live
2026-09-27T23:53:38+00:00,GJ32AA2864,GJ32AA2864,0.99,car,cam06,GSRTC,06 Timbavadi gate-Junagadh,rtsp-live,live
2026-09-27T23:53:38+00:00,GJ32AA2854,GJ32AA2854,0.91,truck,cam06,GSRTC,06 Timbavadi gate-Junagadh,rtsp-live,live
2026-09-27T23:52:22+00:00,GJ11BR0928,GJ11BR0928,0.88,motorcycle,cam06,GSRTC,06 Timbavadi gate-Junagadh,rtsp-live,live
2026-09-27T23:51:10+00:00,GJ11DB2886,GJ11DB2886,0.82,motorcycle,cam06,GSRTC,06 Timbavadi gate-Junagadh,rtsp-live,live
2026-09-27T23:49:50+00:00,GJ01RS5926,6J01RS5926,0.85,truck,cam06,GSRTC,06 Timbavadi gate-Junagadh,rtsp-live,live
2026-09-27T23:49:46+00:00,GJ25AA4345,'-GJ25AA4345,0.97,truck,cam06,GSRTC,06 Timbavadi gate-Junagadh,rtsp-live,live
2026-09-27T23:49:37+00:00,GJ05JF6480,6J05JF6480,0.97,car,cam06,GSRTC,06 Timbavadi gate-Junagadh,rtsp-live,live
2026-09-27T23:49:03+00:00,GJ11CO8889,GJ11C08889,0.82,motorcycle,cam06,GSRTC,06 Timbavadi gate-Junagadh,rtsp-live,live
2026-09-27T23:47:22+00:00,GJ11BH0417,GJ11BH0417,0.91,motorcycle,cam06,GSRTC,06 Timbavadi gate-Junagadh,rtsp-live,live
2026-09-27T23:47:07+00:00,GJ11S9258,GJ1159258,0.99,bus,cam06,GSRTC,06 Timbavadi gate-Junagadh,rtsp-live,live
2026-09-27T23:46:15+00:00,GJ03JR1036,GJ03JR1036,0.95,car,cam06,GSRTC,06 Timbavadi gate-Junagadh,rtsp-live,live
2026-09-27T23:46:10+00:00,GJ03MH7800,GJ03MH7800,0.96,car,cam06,GSRTC,06 Timbavadi gate-Junagadh,rtsp-live,live
2026-09-27T23:45:44+00:00,GJ01HM7952,GJ01HM7952,0.96,bus,cam06,GSRTC,06 Timbavadi gate-Junagadh,rtsp-live,live
2026-09-27T23:45:31+00:00,GJ11CO9625,6J11C09625,0.95,car,cam06,GSRTC,06 Timbavadi gate-Junagadh,rtsp-live,live
2026-09-27T23:44:37+00:00,GJ11S7924,GJ11S7924,0.83,truck,cam06,GSRTC,06 Timbavadi gate-Junagadh,rtsp-live,live
2026-09-27T23:44:14+00:00,GJ23H1546,GJ23H1546,0.97,bus,cam06,GSRTC,06 Timbavadi gate-Junagadh,rtsp-live,live
2026-09-27T23:43:28+00:00,GJ18X,GJ.18.X,0.90,truck,cam06,GSRTC,06 Timbavadi gate-Junagadh,rtsp-live,live
2026-09-27T23:42:58+00:00,GJ32AA2864,GJ32AA2864,0.99,motorcycle,cam06,GSRTC,06 Timbavadi gate-Junagadh,rtsp-live,live
2026-09-27T23:42:44+00:00,GJ03PR6082,GJO3PR6082,0.94,car,cam06,GSRTC,06 Timbavadi gate-Junagadh,rtsp-live,live
2026-09-27T23:42:43+00:00,GJ03PR6032,6J03PR6032,0.78,car,cam06,GSRTC,06 Timbavadi gate-Junagadh,rtsp-live,live
2026-09-27T23:27:05+00:00,GJ18ZT2013,GJ182T2013,0.94,motorcycle,cam06,GSRTC,06 Timbavadi gate-Junagadh,rtsp-live,live
2026-09-27T23:26:42+00:00,GJ18ZT1782,GJ18ZT1782,0.96,bus,cam06,GSRTC,06 Timbavadi gate-Junagadh,rtsp-live,live
2026-09-27T23:26:12+00:00,GJ03JR8399,GJ03JR8399,0.95,car,cam06,GSRTC,06 Timbavadi gate-Junagadh,rtsp-live,live
2026-09-27T23:25:53+00:00,GJ11CH4401,GJ11CH4401,0.77,car,cam06,GSRTC,06 Timbavadi gate-Junagadh,rtsp-live,live
2026-09-27T23:25:31+00:00,GJ03AZ0644,6J03AZ0644,0.98,truck,cam06,GSRTC,06 Timbavadi gate-Junagadh,rtsp-live,live
2026-09-27T23:24:24+00:00,GJ01RS9114,G.J01RS9114,0.93,car,cam06,GSRTC,06 Timbavadi gate-Junagadh,rtsp-live,live
2026-09-27T23:24:14+00:00,GJ36B4094,6J3684094,0.89,bus,cam06,GSRTC,06 Timbavadi gate-Junagadh,rtsp-live,live
2026-09-27T23:23:03+00:00,GJ32AA2864,'-GJ32AA2864,0.88,bus,cam06,GSRTC,06 Timbavadi gate-Junagadh,rtsp-live,live
2026-09-27T23:22:46+00:00,GJ03PR6082,GJ03PR6082,0.96,car,cam06,GSRTC,06 Timbavadi gate-Junagadh,rtsp-live,live
2026-09-27T23:22:05+00:00,GJ10ON2875,GJ100N2875,0.94,car,cam06,GSRTC,06 Timbavadi gate-Junagadh,rtsp-live,live
2026-09-27T23:21:33+00:00,GJ11BR0928,GJ11BR0928,0.90,car,cam06,GSRTC,06 Timbavadi gate-Junagadh,rtsp-live,live
2026-09-27T23:19:38+00:00,GJ27AA0401,'-GJ27AA0401,0.83,car,cam06,GSRTC,06 Timbavadi gate-Junagadh,rtsp-live,live
2026-09-27T23:19:33+00:00,GJ11BR8190,GJ11BR8190,0.96,car,cam06,GSRTC,06 Timbavadi gate-Junagadh,rtsp-live,live
2026-09-27T23:19:15+00:00,GJ11AS5892,GJ11AS5892,0.65,car,cam06,GSRTC,06 Timbavadi gate-Junagadh,rtsp-live,live
2026-09-27T23:19:07+00:00,GJ03PO2863,GJ03P02863,0.85,car,cam06,GSRTC,06 Timbavadi gate-Junagadh,rtsp-live,live
2026-09-27T23:18:16+00:00,GJ11CD8899,GJ11CD8899,0.91,motorcycle,cam06,GSRTC,06 Timbavadi gate-Junagadh,rtsp-live,live
2026-09-27T23:17:16+00:00,GJ32K9995,6J32K 9995,0.75,motorcycle,cam06,GSRTC,06 Timbavadi gate-Junagadh,rtsp-live,live
2026-09-27T23:16:46+00:00,GJ18BB5253,GJ18885253,0.99,car,cam06,GSRTC,06 Timbavadi gate-Junagadh,rtsp-live,live
2026-09-27T23:16:33+00:00,GJ11BH0417,GJ11BH0417,0.96,motorcycle,cam06,GSRTC,06 Timbavadi gate-Junagadh,rtsp-live,live
2026-09-27T23:16:18+00:00,GJ11G1388,GJ11 G1388,0.59,motorcycle,cam06,GSRTC,06 Timbavadi gate-Junagadh,rtsp-live,live
2026-09-27T23:14:57+00:00,GJ01BB7952,'-GJ01887952,0.76,car,cam06,GSRTC,06 Timbavadi gate-Junagadh,rtsp-live,live
2026-09-27T23:14:56+00:00,GJ01HM7952,'-6J01HM7952,0.85,bus,cam06,GSRTC,06 Timbavadi gate-Junagadh,rtsp-live,live
2026-09-27T23:14:22+00:00,GJ03EX8807,GJ03EX8807,0.89,car,cam06,GSRTC,06 Timbavadi gate-Junagadh,rtsp-live,live
2026-09-27T23:13:54+00:00,GJ11S7924,GJ11S7924,0.93,motorcycle,cam06,GSRTC,06 Timbavadi gate-Junagadh,rtsp-live,live
2026-09-27T23:12:50+00:00,GJ32AG2883,GJ32AG2883,0.96,car,cam06,GSRTC,06 Timbavadi gate-Junagadh,rtsp-live,live
2026-09-27T23:11:53+00:00,GJ01RS5926,GJ01RS5926,0.55,car,cam06,GSRTC,06 Timbavadi gate-Junagadh,rtsp-live,live
2026-09-27T23:11:46+00:00,GJ25AA4345,GJ25AA4345,0.88,motorcycle,cam06,GSRTC,06 Timbavadi gate-Junagadh,rtsp-live,live
2026-09-27T23:10:59+00:00,GJ11CD8889,GJ11CD8889,1.00,motorcycle,cam06,GSRTC,06 Timbavadi gate-Junagadh,rtsp-live,live
2026-09-27T23:10:45+00:00,GJ11BB2735,GJ11B82735,0.93,car,cam06,GSRTC,06 Timbavadi gate-Junagadh,rtsp-live,live
2026-09-27T23:10:02+00:00,GJ32X9985,GJ32 X 9985,0.96,motorcycle,cam06,GSRTC,06 Timbavadi gate-Junagadh,rtsp-live,live
2026-09-27T23:09:33+00:00,GJ18BR5253,GJ18BR5253,0.97,motorcycle,cam06,GSRTC,06 Timbavadi gate-Junagadh,rtsp-live,live
2026-09-27T23:09:32+00:00,GJ19BB5253,GJ19885253,0.86,motorcycle,cam06,GSRTC,06 Timbavadi gate-Junagadh,rtsp-live,live
2026-09-27T23:09:21+00:00,GJ03ME9186,GJ03ME9186,0.91,motorcycle,cam06,GSRTC,06 Timbavadi gate-Junagadh,rtsp-live,live
2026-09-27T23:09:03+00:00,GJ11G1388,GJ11 G 1388,0.92,motorcycle,cam06,GSRTC,06 Timbavadi gate-Junagadh,rtsp-live,live
2026-09-27T23:08:56+00:00,GJ03JC5583,6J03JC5583,0.92,motorcycle,cam06,GSRTC,06 Timbavadi gate-Junagadh,rtsp-live,live
2026-09-27T23:08:13+00:00,GJ03JR1036,GJ03JR1036,0.91,truck,cam06,GSRTC,06 Timbavadi gate-Junagadh,rtsp-live,live
2026-09-27T23:07:42+00:00,GJ01HM7952,GJ01HM7952,0.98,truck,cam06,GSRTC,06 Timbavadi gate-Junagadh,rtsp-live,live
2026-09-27T23:07:33+00:00,GJ11CO9625,6J11C09625,0.91,car,cam06,GSRTC,06 Timbavadi gate-Junagadh,rtsp-live,live
2026-09-27T23:07:31+00:00,GJ11CG9625,GJ11C69625,0.85,car,cam06,GSRTC,06 Timbavadi gate-Junagadh,rtsp-live,live
2026-09-27T23:07:07+00:00,GJ03EX8807,GJ03EX8807,0.89,motorcycle,cam06,GSRTC,06 Timbavadi gate-Junagadh,rtsp-live,live
2026-09-27T23:06:34+00:00,GJ11S7924,GJ11S7924,0.99,truck,cam06,GSRTC,06 Timbavadi gate-Junagadh,rtsp-live,live
2026-09-27T23:06:15+00:00,GJ23H1546,GJ23H1546,0.99,truck,cam06,GSRTC,06 Timbavadi gate-Junagadh,rtsp-live,live
2026-09-27T23:05:38+00:00,GJ32AG2883,GJ32AG2883,1.00,car,cam06,GSRTC,06 Timbavadi gate-Junagadh,rtsp-live,live
2026-09-27T23:04:19+00:00,GJ03HH7800,GJ03HH7800,0.94,car,cam06,GSRTC,06 Timbavadi gate-Junagadh,rtsp-live,live
2026-09-27T23:03:50+00:00,GJ01HM7952,6J01HM7952,0.97,car,cam06,GSRTC,06 Timbavadi gate-Junagadh,rtsp-live,live
2026-09-27T23:03:40+00:00,GJ11CO9625,6J11C09625,0.95,car,cam06,GSRTC,06 Timbavadi gate-Junagadh,rtsp-live,live
2026-09-27T23:03:14+00:00,GJ03FK8807,GJ03FK8807,0.92,car,cam06,GSRTC,06 Timbavadi gate-Junagadh,rtsp-live,live
2026-09-27T23:02:49+00:00,GJ11S7924,GJ11S7924,0.99,motorcycle,cam06,GSRTC,06 Timbavadi gate-Junagadh,rtsp-live,live
2026-09-27T23:01:53+00:00,GJ32AG2883,GJ32AG2883,1.00,motorcycle,cam06,GSRTC,06 Timbavadi gate-Junagadh,rtsp-live,live
2026-09-27T23:01:25+00:00,GJ18BB5253,GJ18885253,0.99,motorcycle,cam06,GSRTC,06 Timbavadi gate-Junagadh,rtsp-live,live
2026-09-27T23:00:49+00:00,GJ11S9258,GJ1159258,0.97,car,cam06,GSRTC,06 Timbavadi gate-Junagadh,rtsp-live,live
2026-09-27T23:00:45+00:00,GJ11G1388,6J1161388,0.85,motorcycle,cam06,GSRTC,06 Timbavadi gate-Junagadh,rtsp-live,live
2026-09-27T22:59:53+00:00,GJ03MH7800,GJ03MH7800,0.66,car,cam06,GSRTC,06 Timbavadi gate-Junagadh,rtsp-live,live
2026-09-27T22:59:22+00:00,GJ01HM7952,GJ01HM7952,0.97,car,cam06,GSRTC,06 Timbavadi gate-Junagadh,rtsp-live,live
2026-09-27T22:59:12+00:00,GJ11CO9625,6J11C09625,0.95,car,cam06,GSRTC,06 Timbavadi gate-Junagadh,rtsp-live,live
2026-09-27T22:58:18+00:00,GJ11S7924,'-GJ11S7924,0.98,bus,cam06,GSRTC,06 Timbavadi gate-Junagadh,rtsp-live,live
2026-09-27T22:57:56+00:00,GJ23H1546,GJ23H1546,0.92,bus,cam06,GSRTC,06 Timbavadi gate-Junagadh,rtsp-live,live
2026-09-27T22:57:16+00:00,GJ32AG2883,GJ32AG2883,0.98,car,cam06,GSRTC,06 Timbavadi gate-Junagadh,rtsp-live,live
2026-09-27T22:57:09+00:00,GJ18X,GJ.18.X,0.92,truck,cam06,GSRTC,06 Timbavadi gate-Junagadh,rtsp-live,live
2026-09-27T22:56:30+00:00,GJ11CO7932,GJ11C07932,0.93,motorcycle,cam06,GSRTC,06 Timbavadi gate-Junagadh,rtsp-live,live
2026-09-27T22:56:08+00:00,GJ11CO7992,GJ11C07992,0.87,truck,cam06,GSRTC,06 Timbavadi gate-Junagadh,rtsp-live,live
2026-09-27T22:56:08+00:00,GJ11CO7332,6J11C07332,0.89,car,cam06,GSRTC,06 Timbavadi gate-Junagadh,rtsp-live,live
2026-09-27T22:55:58+00:00,GJ06PC9032,GJ06PC9032,0.98,motorcycle,cam06,GSRTC,06 Timbavadi gate-Junagadh,rtsp-live,live
2026-09-27T22:55:01+00:00,GJ18GB7881,6J18687881,0.91,truck,cam06,GSRTC,06 Timbavadi gate-Junagadh,rtsp-live,live
2026-09-27T22:54:47+00:00,GJ11CO7332,GJ11C07332,0.87,car,cam06,GSRTC,06 Timbavadi gate-Junagadh,rtsp-live,live
2026-09-27T22:54:40+00:00,GJ11CO7992,GJ11C07992,0.92,car,cam06,GSRTC,06 Timbavadi gate-Junagadh,rtsp-live,live
2026-09-27T22:54:30+00:00,GJ03BT9805,GJ038T9805,0.84,bus,cam06,GSRTC,06 Timbavadi gate-Junagadh,rtsp-live,live
2026-09-27T22:54:19+00:00,GJ03BZ1620,GJ038Z1620,0.96,bus,cam06,GSRTC,06 Timbavadi gate-Junagadh,rtsp-live,live
2026-09-27T22:54:15+00:00,GJ01RM7776,6J01RM7776,0.94,car,cam06,GSRTC,06 Timbavadi gate-Junagadh,rtsp-live,live
2026-09-27T22:53:39+00:00,GJ11CO7392,GJ11C07392,0.97,car,cam06,GSRTC,06 Timbavadi gate-Junagadh,rtsp-live,live
2026-09-27T22:53:35+00:00,GJ11CO7932,GJ11C07932,0.81,car,cam06,GSRTC,06 Timbavadi gate-Junagadh,rtsp-live,live
2026-09-27T22:53:17+00:00,GJ23CO5745,GJ23C05745,0.94,truck,cam06,GSRTC,06 Timbavadi gate-Junagadh,rtsp-live,live
2026-09-27T22:53:11+00:00,GJ11CO7332,6J11C07332,0.92,truck,cam06,GSRTC,06 Timbavadi gate-Junagadh,rtsp-live,live
2026-09-27T22:52:58+00:00,GJ11CO7992,GJ11C07992,0.96,truck,cam06,GSRTC,06 Timbavadi gate-Junagadh,rtsp-live,live
2026-09-27T22:52:09+00:00,GJ11CO7392,GJ11C07392,0.87,truck,cam06,GSRTC,06 Timbavadi gate-Junagadh,rtsp-live,live
2026-09-27T22:51:35+00:00,GJ03MH6522,GJ03MH6522,0.94,car,cam06,GSRTC,06 Timbavadi gate-Junagadh,rtsp-live,live
2026-09-27T22:51:35+00:00,GJ11CO7992,GJ11C07992,0.97,car,cam06,GSRTC,06 Timbavadi gate-Junagadh,rtsp-live,live
2026-09-27T22:51:23+00:00,GJ26U0372,GJ26 U 0372,0.98,motorcycle,cam06,GSRTC,06 Timbavadi gate-Junagadh,rtsp-live,live
2026-09-27T22:50:49+00:00,GJ11YY3007,GJ11YY3007,0.99,bus,cam06,GSRTC,06 Timbavadi gate-Junagadh,rtsp-live,live
2026-09-27T22:50:49+00:00,GJ11CO7392,GJ11C07392,0.94,car,cam06,GSRTC,06 Timbavadi gate-Junagadh,rtsp-live,live
2026-09-27T22:50:27+00:00,GJ11CO7592,GJ11C07592,0.81,car,cam06,GSRTC,06 Timbavadi gate-Junagadh,rtsp-live,live
2026-09-27T22:50:21+00:00,GJ11CO7992,6J11C07992,0.96,motorcycle,cam06,GSRTC,06 Timbavadi gate-Junagadh,rtsp-live,live
2026-09-27T22:50:17+00:00,GJ11CO7932,6J11C07932,0.82,truck,cam06,GSRTC,06 Timbavadi gate-Junagadh,rtsp-live,live
2026-09-27T22:50:17+00:00,GJ23CF3136,'-GJ23CF3136,0.97,truck,cam06,GSRTC,06 Timbavadi gate-Junagadh,rtsp-live,live
2026-09-27T22:50:10+00:00,GJ11CO7332,GJ11C07332,0.95,car,cam06,GSRTC,06 Timbavadi gate-Junagadh,rtsp-live,live
2026-09-27T22:49:50+00:00,GJ13CA4444,GJ13CA4444,0.96,truck,cam06,GSRTC,06 Timbavadi gate-Junagadh,rtsp-live,live
2026-09-27T22:49:46+00:00,GJ05JC5490,GJ05JC5490,0.98,car,cam06,GSRTC,06 Timbavadi gate-Junagadh,rtsp-live,live
2026-09-27T22:49:03+00:00,GJ11CO4461,GJ11C04461,0.99,truck,cam06,GSRTC,06 Timbavadi gate-Junagadh,rtsp-live,live
2026-09-27T22:48:59+00:00,GJ01RA7320,GJ01RA7320,0.97,motorcycle,cam06,GSRTC,06 Timbavadi gate-Junagadh,rtsp-live,live
2026-09-27T22:48:40+00:00,GJ23X1337,6J23X-1337,0.85,bus,cam06,GSRTC,06 Timbavadi gate-Junagadh,rtsp-live,live
2026-09-27T22:48:01+00:00,GJ11CL3990,'-GJ11CL3990,0.96,motorcycle,cam06,GSRTC,06 Timbavadi gate-Junagadh,rtsp-live,live
2026-09-27T22:47:59+00:00,GJ11CO7873,GJ11C07873,0.92,motorcycle,cam06,GSRTC,06 Timbavadi gate-Junagadh,rtsp-live,live
2026-09-27T22:47:36+00:00,GJ01HI7037,GJ01H17037,0.76,car,cam06,GSRTC,06 Timbavadi gate-Junagadh,rtsp-live,live
2026-09-27T22:47:08+00:00,GJ01RP1868,'-GJ01RP1868,0.95,motorcycle,cam06,GSRTC,06 Timbavadi gate-Junagadh,rtsp-live,live
2026-09-27T22:47:00+00:00,GJ17UU1652,GJ17UU1652,0.97,motorcycle,cam06,GSRTC,06 Timbavadi gate-Junagadh,rtsp-live,live
2026-09-27T22:46:26+00:00,GJ11AB9331,'-GJ11AB9331,0.96,car,cam06,GSRTC,06 Timbavadi gate-Junagadh,rtsp-live,live
2026-09-27T22:46:14+00:00,GJ23CF3136,GJ23CF3136,1.00,truck,cam06,GSRTC,06 Timbavadi gate-Junagadh,rtsp-live,live
2026-09-27T22:46:06+00:00,GJ12FH3375,GJ12FH3375,0.98,motorcycle,cam06,GSRTC,06 Timbavadi gate-Junagadh,rtsp-live,live
2026-09-27T22:45:55+00:00,GJ27EB4893,GJ27EB4893,0.99,car,cam06,GSRTC,06 Timbavadi gate-Junagadh,rtsp-live,live
2026-09-27T22:45:55+00:00,GJ03PM9465,GJ03PM9465,0.68,car,cam06,GSRTC,06 Timbavadi gate-Junagadh,rtsp-live,live
2026-09-27T22:45:41+00:00,GJ11YV0464,GJ11YV0464,0.93,truck,cam06,GSRTC,06 Timbavadi gate-Junagadh,rtsp-live,live
2026-09-27T22:45:19+00:00,GJ11DB2783,GJ11DB2783,0.99,car,cam06,GSRTC,06 Timbavadi gate-Junagadh,rtsp-live,live
2026-09-27T22:44:30+00:00,GJ35I1565,6J3511565,0.77,truck,cam06,GSRTC,06 Timbavadi gate-Junagadh,rtsp-live,live
2026-09-27T22:44:30+00:00,GJ35T1666,GJ35 T 1666,0.98,truck,cam06,GSRTC,06 Timbavadi gate-Junagadh,rtsp-live,live
2026-09-27T22:44:10+00:00,GJ03ER6223,GJ03ER6223,0.99,bus,cam06,GSRTC,06 Timbavadi gate-Junagadh,rtsp-live,live
2026-09-27T22:43:59+00:00,GJ03MP1958,6J03MP1958,0.41,car,cam06,GSRTC,06 Timbavadi gate-Junagadh,rtsp-live,live
2026-09-27T22:43:42+00:00,GJ12EE9516,GJ12EE9516,0.99,truck,cam06,GSRTC,06 Timbavadi gate-Junagadh,rtsp-live,live
2026-09-27T22:43:25+00:00,GJ03PD3581,GJ03PD3581,0.96,car,cam06,GSRTC,06 Timbavadi gate-Junagadh,rtsp-live,live
2026-09-27T22:43:25+00:00,GJ36AC9613,GJ36AC9613,0.99,motorcycle,cam06,GSRTC,06 Timbavadi gate-Junagadh,rtsp-live,live
2026-09-27T22:43:06+00:00,GJ16CN0490,GJ16CN0490,0.98,truck,cam06,GSRTC,06 Timbavadi gate-Junagadh,rtsp-live,live
2026-09-27T22:42:54+00:00,GJ18ZT3514,GJ182T3514,0.87,bus,cam06,GSRTC,06 Timbavadi gate-Junagadh,rtsp-live,live
2026-09-27T22:42:43+00:00,GJ11OB3037,'-GJ11083037,0.88,motorcycle,cam06,GSRTC,06 Timbavadi gate-Junagadh,rtsp-live,live
2026-09-27T22:42:17+00:00,GJ11CL3616,GJ11CL3616,0.97,car,cam06,GSRTC,06 Timbavadi gate-Junagadh,rtsp-live,live
2026-09-27T22:26:21+00:00,GJ18ZT2013,GJ182T2013,0.98,bus,cam06,GSRTC,06 Timbavadi gate-Junagadh,rtsp-live,live
2026-09-27T22:23:42+00:00,GJ01RS9114,G.J01RS9114,0.96,motorcycle,cam06,GSRTC,06 Timbavadi gate-Junagadh,rtsp-live,live
2026-09-27T22:23:39+00:00,GJ11CH0340,GJ11CH0340,0.98,motorcycle,cam06,GSRTC,06 Timbavadi gate-Junagadh,rtsp-live,live
2026-09-27T22:23:26+00:00,GJ36R4094,6J36R4094,0.97,bus,cam06,GSRTC,06 Timbavadi gate-Junagadh,rtsp-live,live
2026-09-27T22:21:27+00:00,GJ10ON2875,GJ100N2875,0.94,car,cam06,GSRTC,06 Timbavadi gate-Junagadh,rtsp-live,live
2026-09-27T22:20:35+00:00,GJ03KH0407,GJ03KH0407,0.96,car,cam06,GSRTC,06 Timbavadi gate-Junagadh,rtsp-live,live
2026-09-27T22:20:32+00:00,GJ11CH3274,GJ11CH3274,0.99,motorcycle,cam06,GSRTC,06 Timbavadi gate-Junagadh,rtsp-live,live
2026-09-27T22:20:32+00:00,GJ11VV7338,"""GJ11VV7338",0.60,truck,cam06,GSRTC,06 Timbavadi gate-Junagadh,rtsp-live,live
2026-09-27T22:19:45+00:00,GJ02CL3526,GJOZCL3526,0.92,car,cam06,GSRTC,06 Timbavadi gate-Junagadh,rtsp-live,live
2026-09-27T22:19:41+00:00,GJ11DB2886,GJ11D82886,0.99,car,cam06,GSRTC,06 Timbavadi gate-Junagadh,rtsp-live,live
2026-09-27T22:18:55+00:00,GJ27AA0401,GJ27AA0401,0.89,car,cam06,GSRTC,06 Timbavadi gate-Junagadh,rtsp-live,live
2026-09-27T22:18:48+00:00,GJ11BR8190,6J118R8190,0.91,car,cam06,GSRTC,06 Timbavadi gate-Junagadh,rtsp-live,live
2026-09-27T22:18:33+00:00,GJ03P,GJ03P,0.91,motorcycle,cam06,GSRTC,06 Timbavadi gate-Junagadh,rtsp-live,live
2026-09-27T22:18:31+00:00,GJ11AS5892,GJ11AS5892,0.91,car,cam06,GSRTC,06 Timbavadi gate-Junagadh,rtsp-live,live
2026-09-27T22:18:13+00:00,GJ05JF6480,6J05JF6480,0.96,motorcycle,cam06,GSRTC,06 Timbavadi gate-Junagadh,rtsp-live,live
2026-09-27T22:18:11+00:00,GJ32K9819,GJ32 K 9819,0.90,motorcycle,cam06,GSRTC,06 Timbavadi gate-Junagadh,rtsp-live,live
2026-09-27T22:17:18+00:00,GJ37AB9445,GJ37AB9445,0.95,bus,cam06,GSRTC,06 Timbavadi gate-Junagadh,rtsp-live,live
2026-09-27T22:16:05+00:00,GJ18BR5253,GJ188R5253,0.96,motorcycle,cam06,GSRTC,06 Timbavadi gate-Junagadh,rtsp-live,live
2026-09-27T22:15:51+00:00,GJ11BH0417,GJ11BH0417,0.95,motorcycle,cam06,GSRTC,06 Timbavadi gate-Junagadh,rtsp-live,live
2026-09-27T22:15:27+00:00,GJ32B2702,GJ32 8 2702,0.84,car,cam06,GSRTC,06 Timbavadi gate-Junagadh,rtsp-live,live
2026-09-27T22:14:52+00:00,GJ03JR1036,GJ03JR1036,0.98,motorcycle,cam06,GSRTC,06 Timbavadi gate-Junagadh,rtsp-live,live
2026-09-27T22:14:14+00:00,GJ01HM7952,GJ01HM7952,0.91,car,cam06,GSRTC,06 Timbavadi gate-Junagadh,rtsp-live,live
2026-09-27T22:14:08+00:00,GJ11CO9625,GJ11C09625,0.93,car,cam06,GSRTC,06 Timbavadi gate-Junagadh,rtsp-live,live
2026-09-27T22:14:05+00:00,GJ11OO9625,6J11009625,0.92,motorcycle,cam06,GSRTC,06 Timbavadi gate-Junagadh,rtsp-live,live
2026-09-27T22:13:38+00:00,GJ03EK8807,GJ03EK8807,0.90,car,cam06,GSRTC,06 Timbavadi gate-Junagadh,rtsp-live,live
2026-09-27T22:13:07+00:00,GJ11S7924,GJ11S7924,0.95,truck,cam06,GSRTC,06 Timbavadi gate-Junagadh,rtsp-live,live
2026-09-27T22:12:58+00:00,GJ23H1546,GJ23H1546,0.97,motorcycle,cam06,GSRTC,06 Timbavadi gate-Junagadh,rtsp-live,live
2026-09-27T22:12:10+00:00,GJ32AG2883,GJ32AG2883,0.71,car,cam06,GSRTC,06 Timbavadi gate-Junagadh,rtsp-live,live
2026-09-27T22:12:01+00:00,GJ18X,GJ.18X,0.90,truck,cam06,GSRTC,06 Timbavadi gate-Junagadh,rtsp-live,live
2026-09-27T22:11:04+00:00,GJ11S7924,GJ11S7924,0.94,truck,cam06,GSRTC,06 Timbavadi gate-Junagadh,rtsp-live,live
2026-09-27T22:10:14+00:00,GJ32AG2883,GJ32AG2883,0.96,motorcycle,cam06,GSRTC,06 Timbavadi gate-Junagadh,rtsp-live,live
2026-09-27T22:09:59+00:00,GJ18X,GJ.18.X,0.88,truck,cam06,GSRTC,06 Timbavadi gate-Junagadh,rtsp-live,live
2026-09-27T22:09:57+00:00,GJ14Z0902,GJ1420902,0.86,bus,cam06,GSRTC,06 Timbavadi gate-Junagadh,rtsp-live,live
2026-09-27T22:08:25+00:00,GJ11S4318,GJ11S4318,0.74,truck,cam06,GSRTC,06 Timbavadi gate-Junagadh,rtsp-live,live
2026-09-27T22:08:25+00:00,GJ11CL8225,GJ11CL8225,0.99,bus,cam06,GSRTC,06 Timbavadi gate-Junagadh,rtsp-live,live
2026-09-27T22:08:18+00:00,GJ11BR2513,GJ118R2513,0.98,motorcycle,cam06,GSRTC,06 Timbavadi gate-Junagadh,rtsp-live,live
2026-09-27T22:08:12+00:00,GJ11OB9063,GJ11089063,0.99,car,cam06,GSRTC,06 Timbavadi gate-Junagadh,rtsp-live,live
2026-09-27T22:06:16+00:00,GJ11BB7895,6J118B7895,0.83,motorcycle,cam06,GSRTC,06 Timbavadi gate-Junagadh,rtsp-live,live
2026-09-27T22:05:51+00:00,GJ03JL6883,GJ03JL6883,0.99,motorcycle,cam06,GSRTC,06 Timbavadi gate-Junagadh,rtsp-live,live
2026-09-27T22:05:43+00:00,GJ18CC9672,GJ11C03707,0.51,motorcycle,cam06,GSRTC,06 Timbavadi gate-Junagadh,rtsp-live,live
2026-09-27T22:05:35+00:00,GJ03CE0033,GJ03CE0033,0.92,motorcycle,cam06,GSRTC,06 Timbavadi gate-Junagadh,rtsp-live,live
2026-09-27T22:05:07+00:00,GJ03HR0416,GJ03HR0416,0.98,truck,cam06,GSRTC,06 Timbavadi gate-Junagadh,rtsp-live,live
2026-09-27T22:04:48+00:00,GJ01RA3681,'-GJO1RA3681,0.90,car,cam06,GSRTC,06 Timbavadi gate-Junagadh,rtsp-live,live
2026-09-27T22:04:22+00:00,GJ18ZT2013,GJ18ZT2013,0.99,bus,cam06,GSRTC,06 Timbavadi gate-Junagadh,rtsp-live,live
2026-09-27T22:03:36+00:00,GJ03LG6586,GJO3LG6586,0.86,bus,cam06,GSRTC,06 Timbavadi gate-Junagadh,rtsp-live,live
2026-09-27T22:03:30+00:00,GJ03JR8399,GJ03JR8399,0.93,bus,cam06,GSRTC,06 Timbavadi gate-Junagadh,rtsp-live,live
2026-09-27T21:47:24+00:00,GJ18EC2702,GJ18EC2702,0.99,car,cam06,GSRTC,06 Timbavadi gate-Junagadh,rtsp-live,live
2026-09-27T21:47:11+00:00,GJ06PF7290,GJ06PF7290,0.95,car,cam06,GSRTC,06 Timbavadi gate-Junagadh,rtsp-live,live
2026-09-27T21:47:00+00:00,GJ03CR6015,GJ03CR6015,0.95,bus,cam06,GSRTC,06 Timbavadi gate-Junagadh,rtsp-live,live
2026-09-27T21:46:43+00:00,GJ11CH3760,'-GJ11CH3760,0.98,bus,cam06,GSRTC,06 Timbavadi gate-Junagadh,rtsp-live,live
2026-09-27T21:46:17+00:00,GJ32AI4920,GJ32A14920,0.91,truck,cam06,GSRTC,06 Timbavadi gate-Junagadh,rtsp-live,live
2026-09-27T21:45:59+00:00,GJ32B1292,GJ3281292,0.99,car,cam06,GSRTC,06 Timbavadi gate-Junagadh,rtsp-live,live
2026-09-27T21:45:10+00:00,GJ06LS9072,GJ06LS9072,0.89,truck,cam06,GSRTC,06 Timbavadi gate-Junagadh,rtsp-live,live
2026-09-27T21:45:04+00:00,GJ01LT1064,GJ01LT1064,0.97,motorcycle,cam06,GSRTC,06 Timbavadi gate-Junagadh,rtsp-live,live
2026-09-27T21:44:57+00:00,GJ11BR0363,GJ11BR0363,0.94,truck,cam06,GSRTC,06 Timbavadi gate-Junagadh,rtsp-live,live
2026-09-27T21:44:42+00:00,GJ32AG6318,GJ32AG6318,0.50,motorcycle,cam06,GSRTC,06 Timbavadi gate-Junagadh,rtsp-live,live
2026-09-27T21:43:37+00:00,GJ01HZ7877,6J01H27877,0.91,motorcycle,cam06,GSRTC,06 Timbavadi gate-Junagadh,rtsp-live,live
2026-09-27T21:43:13+00:00,GJ03FK1092,GJ03FK1092,0.98,motorcycle,cam06,GSRTC,06 Timbavadi gate-Junagadh,rtsp-live,live
2026-09-27T21:42:23+00:00,GJ11CO5499,'-GJ11C05499,0.92,bus,cam06,GSRTC,06 Timbavadi gate-Junagadh,rtsp-live,live
2026-09-27T21:42:23+00:00,GJ11CD5499,'-GJ11CD5499,0.96,car,cam06,GSRTC,06 Timbavadi gate-Junagadh,rtsp-live,live
2026-09-27T21:42:12+00:00,GJ18GB7041,GJ18687041,0.97,bus,cam06,GSRTC,06 Timbavadi gate-Junagadh,rtsp-live,live
2026-09-27T21:42:11+00:00,GJ11CD0072,GJ11CD0072,0.94,motorcycle,cam06,GSRTC,06 Timbavadi gate-Junagadh,rtsp-live,live
2026-09-27T21:41:49+00:00,GJ16BG6039,GJ168G6039,0.92,bus,cam06,GSRTC,06 Timbavadi gate-Junagadh,rtsp-live,live
2026-09-27T21:41:40+00:00,GJ03NP0798,GJO3NP0798,0.91,motorcycle,cam06,GSRTC,06 Timbavadi gate-Junagadh,rtsp-live,live
2026-09-27T21:41:33+00:00,GJ03X6573,GJ03X6573,0.88,car,cam06,GSRTC,06 Timbavadi gate-Junagadh,rtsp-live,live
2026-09-27T21:41:29+00:00,GJ11VV9957,GJ11VV9957,0.72,car,cam06,GSRTC,06 Timbavadi gate-Junagadh,rtsp-live,live
2026-09-27T21:41:14+00:00,GJ19BR3000,GJ198R3000,0.99,truck,cam06,GSRTC,06 Timbavadi gate-Junagadh,rtsp-live,live
2026-09-27T21:41:00+00:00,GJ36AR2906,GJ36AR2906,0.97,motorcycle,cam06,GSRTC,06 Timbavadi gate-Junagadh,rtsp-live,live
2026-09-27T21:40:32+00:00,GJ14,GJ14,0.92,bus,cam06,GSRTC,06 Timbavadi gate-Junagadh,rtsp-live,live
2026-09-27T21:40:24+00:00,GJ24BF2220,GJ24BF2220,0.97,motorcycle,cam06,GSRTC,06 Timbavadi gate-Junagadh,rtsp-live,live
2026-09-27T21:40:18+00:00,GJ11S9597,GJ1159597,0.99,truck,cam06,GSRTC,06 Timbavadi gate-Junagadh,rtsp-live,live
2026-09-27T21:40:18+00:00,GJ11BH3859,GJ11BH3859,0.97,motorcycle,cam06,GSRTC,06 Timbavadi gate-Junagadh,rtsp-live,live
2026-09-27T21:40:08+00:00,GJ11CL0500,GJ11CL0500,0.99,motorcycle,cam06,GSRTC,06 Timbavadi gate-Junagadh,rtsp-live,live
2026-09-27T21:39:52+00:00,GJ14Z0902,GJ14Z 0902,0.93,bus,cam06,GSRTC,06 Timbavadi gate-Junagadh,rtsp-live,live
2026-09-27T21:39:23+00:00,GJ11CD3384,GJ11CD3384,0.99,bus,cam06,GSRTC,06 Timbavadi gate-Junagadh,rtsp-live,live
2026-09-27T21:38:37+00:00,GJ11CL8225,GJ11CL8225,1.00,truck,cam06,GSRTC,06 Timbavadi gate-Junagadh,rtsp-live,live
2026-09-27T21:36:37+00:00,GJ03KP7434,6J03KP7434,0.99,car,cam06,GSRTC,06 Timbavadi gate-Junagadh,rtsp-live,live
2026-09-27T21:36:04+00:00,GJ03JL6883,GJ03JL6883,0.97,motorcycle,cam06,GSRTC,06 Timbavadi gate-Junagadh,rtsp-live,live
2026-09-27T21:35:50+00:00,GJ03CE0033,GJ03CE0033,0.98,motorcycle,cam06,GSRTC,06 Timbavadi gate-Junagadh,rtsp-live,live
2026-09-27T21:35:50+00:00,GJ18BC9672,GJ188C9672,0.96,car,cam06,GSRTC,06 Timbavadi gate-Junagadh,rtsp-live,live
2026-09-27T21:35:06+00:00,GJ03BY8234,GJ038Y8234,0.79,car,cam06,GSRTC,06 Timbavadi gate-Junagadh,rtsp-live,live
2026-09-27T21:35:01+00:00,GJ25AA0888,GJ25AA0888,0.93,car,cam06,GSRTC,06 Timbavadi gate-Junagadh,rtsp-live,live
2026-09-27T21:34:39+00:00,GJ18ZT2013,GJ18ZT2013,0.96,bus,cam06,GSRTC,06 Timbavadi gate-Junagadh,rtsp-live,live
2026-09-27T21:34:16+00:00,GJ04Z0610,GJ04Z0610,0.88,bus,cam06,GSRTC,06 Timbavadi gate-Junagadh,rtsp-live,live
2026-09-27T21:33:50+00:00,GJ03JR8399,GJ03JR8399,0.95,bus,cam06,GSRTC,06 Timbavadi gate-Junagadh,rtsp-live,live
2026-09-27T21:33:30+00:00,GJ03LG9656,6J03LG9656,0.92,motorcycle,cam06,GSRTC,06 Timbavadi gate-Junagadh,rtsp-live,live
2026-09-27T21:33:22+00:00,GJ11BR1008,GJ11BR1008,0.98,motorcycle,cam06,GSRTC,06 Timbavadi gate-Junagadh,rtsp-live,live
2026-09-27T21:17:19+00:00,GJ04Z0610,GJ04Z0610,0.88,bus,cam06,GSRTC,06 Timbavadi gate-Junagadh,rtsp-live,live
2026-09-27T21:17:19+00:00,GJ21AA1001,GJ21AA1001,0.93,car,cam06,GSRTC,06 Timbavadi gate-Junagadh,rtsp-live,live
2026-09-27T21:15:48+00:00,GJ01XN1659,'-GJ01XN1659,0.88,car,cam06,GSRTC,06 Timbavadi gate-Junagadh,rtsp-live,live
2026-09-27T21:13:24+00:00,GJ32AA2864,GJ32AA2864,0.87,truck,cam06,GSRTC,06 Timbavadi gate-Junagadh,rtsp-live,live
2026-09-27T21:12:42+00:00,GJ10ON2875,GJ100N2875,0.99,car,cam06,GSRTC,06 Timbavadi gate-Junagadh,rtsp-live,live
2026-09-27T21:12:11+00:00,GJ11BR0928,GJ11BR0928,0.87,motorcycle,cam06,GSRTC,06 Timbavadi gate-Junagadh,rtsp-live,live
2026-09-27T21:11:52+00:00,GJ11VV7338,GJ11VV7338,0.59,car,cam06,GSRTC,06 Timbavadi gate-Junagadh,rtsp-live,live
2026-09-27T21:11:36+00:00,GJ03ER8216,GJ03ER8216,0.99,motorcycle,cam06,GSRTC,06 Timbavadi gate-Junagadh,rtsp-live,live
2026-09-27T21:10:06+00:00,GJ11BR8190,GJ11BR8190,0.93,car,cam06,GSRTC,06 Timbavadi gate-Junagadh,rtsp-live,live
2026-09-27T21:09:39+00:00,GJ03PO2863,6.J03P02863,0.87,car,cam06,GSRTC,06 Timbavadi gate-Junagadh,rtsp-live,live
2026-09-27T21:09:27+00:00,GJ05JF6480,6J05JF6480,0.93,car,cam06,GSRTC,06 Timbavadi gate-Junagadh,rtsp-live,live
2026-09-27T21:09:22+00:00,GJ32X9819,GJ32 X 9819,0.86,car,cam06,GSRTC,06 Timbavadi gate-Junagadh,rtsp-live,live
2026-09-27T21:08:44+00:00,GJ11CO8889,GJ11C08889,0.82,car,cam06,GSRTC,06 Timbavadi gate-Junagadh,rtsp-live,live
2026-09-27T21:08:33+00:00,GJ37AB9445,GJ37AB9445,0.97,car,cam06,GSRTC,06 Timbavadi gate-Junagadh,rtsp-live,live
2026-09-27T21:07:21+00:00,GJ19BR5253,'-GJ198R5253,0.86,motorcycle,cam06,GSRTC,06 Timbavadi gate-Junagadh,rtsp-live,live
2026-09-27T21:07:08+00:00,GJ03ME9186,GJ03ME9186,0.96,motorcycle,cam06,GSRTC,06 Timbavadi gate-Junagadh,rtsp-live,live
2026-09-27T21:07:08+00:00,GJ11S9258,GJ11S9258,0.95,motorcycle,cam06,GSRTC,06 Timbavadi gate-Junagadh,rtsp-live,live
2026-09-27T21:06:45+00:00,GJ32B2702,GJ32 B2702,0.82,motorcycle,cam06,GSRTC,06 Timbavadi gate-Junagadh,rtsp-live,live
2026-09-27T21:06:42+00:00,GJ03JC5583,6J03JC5583,0.93,motorcycle,cam06,GSRTC,06 Timbavadi gate-Junagadh,rtsp-live,live
2026-09-27T21:06:03+00:00,GJ03JR1036,GJ03JR1036,0.98,car,cam06,GSRTC,06 Timbavadi gate-Junagadh,rtsp-live,live
2026-09-27T21:05:33+00:00,GJ01HM7952,GJ01HM7952,0.82,car,cam06,GSRTC,06 Timbavadi gate-Junagadh,rtsp-live,live
2026-09-27T21:05:17+00:00,GJ11CO3625,GJ11C03625,0.92,car,cam06,GSRTC,06 Timbavadi gate-Junagadh,rtsp-live,live
2026-09-27T21:04:56+00:00,GJ03EX8807,GJ03EX8807,0.89,motorcycle,cam06,GSRTC,06 Timbavadi gate-Junagadh,rtsp-live,live
2026-09-27T21:04:23+00:00,GJ11S7924,GJ11S7924,0.99,truck,cam06,GSRTC,06 Timbavadi gate-Junagadh,rtsp-live,live
2026-09-27T21:03:28+00:00,GJ32AG2883,GJ32AG2883,0.99,car,cam06,GSRTC,06 Timbavadi gate-Junagadh,rtsp-live,live
2026-09-27T21:02:42+00:00,GJ36R4094,6J36R4094,0.96,car,cam06,GSRTC,06 Timbavadi gate-Junagadh,rtsp-live,live
2026-09-27T21:01:32+00:00,GJ32AA2854,GJ32AA2854,0.91,motorcycle,cam06,GSRTC,06 Timbavadi gate-Junagadh,rtsp-live,live
2026-09-27T21:01:20+00:00,GJ03PP6082,6J03PP6082,0.71,car,cam06,GSRTC,06 Timbavadi gate-Junagadh,rtsp-live,live
2026-09-27T21:00:40+00:00,GJ03RY8234,GJ03RY8234,0.96,truck,cam06,GSRTC,06 Timbavadi gate-Junagadh,rtsp-live,live
2026-09-27T20:44:49+00:00,GJ03BX3681,'-GJ038X3681,0.81,car,cam06,GSRTC,06 Timbavadi gate-Junagadh,rtsp-live,live
2026-09-27T20:44:40+00:00,GJ18BL4660,GJ188L4660,0.96,bus,cam06,GSRTC,06 Timbavadi gate-Junagadh,rtsp-live,live
2026-09-27T20:44:32+00:00,GJ11CO8831,GJ11C08831,0.91,car,cam06,GSRTC,06 Timbavadi gate-Junagadh,rtsp-live,live
2026-09-27T20:44:26+00:00,GJ18ZT2017,GJ182T2017,0.85,bus,cam06,GSRTC,06 Timbavadi gate-Junagadh,rtsp-live,live
2026-09-27T20:44:03+00:00,GJ18ZT1782,GJ18ZT1782,0.96,truck,cam06,GSRTC,06 Timbavadi gate-Junagadh,rtsp-live,live
2026-09-27T20:43:37+00:00,GJ03LG6586,GJ03LG6586,0.99,bus,cam06,GSRTC,06 Timbavadi gate-Junagadh,rtsp-live,live
2026-09-27T20:43:18+00:00,GJ03LG9656,GJ03LG9656,0.98,motorcycle,cam06,GSRTC,06 Timbavadi gate-Junagadh,rtsp-live,live
2026-09-27T20:43:08+00:00,GJ11BR1008,GJ118R1008,0.94,motorcycle,cam06,GSRTC,06 Timbavadi gate-Junagadh,rtsp-live,live
2026-09-27T20:43:00+00:00,GJ18BH7584,GJ188H7584,0.96,car,cam06,GSRTC,06 Timbavadi gate-Junagadh,rtsp-live,live
2026-09-27T20:42:56+00:00,GJ03AZ0644,GJ03AZ0644,0.90,motorcycle,cam06,GSRTC,06 Timbavadi gate-Junagadh,rtsp-live,live
2026-09-27T20:42:22+00:00,GJ11BR2509,GJ118R2509,0.91,motorcycle,cam06,GSRTC,06 Timbavadi gate-Junagadh,rtsp-live,live
2026-09-27T20:41:46+00:00,GJ11CH0340,GJ11CH0340,0.64,motorcycle,cam06,GSRTC,06 Timbavadi gate-Junagadh,rtsp-live,live
2026-09-27T20:41:42+00:00,GJ05BZ1174,GJ.05.BZ.1174,0.95,motorcycle,cam06,GSRTC,06 Timbavadi gate-Junagadh,rtsp-live,live
2026-09-27T20:41:27+00:00,GJ10CG4786,GJ1OCG4786,0.96,car,cam06,GSRTC,06 Timbavadi gate-Junagadh,rtsp-live,live
2026-09-27T20:41:26+00:00,GJ36R4094,GJ36R4094,0.96,car,cam06,GSRTC,06 Timbavadi gate-Junagadh,rtsp-live,live
2026-09-27T20:40:18+00:00,GJ32AA2864,GJ32AA2864,1.00,car,cam06,GSRTC,06 Timbavadi gate-Junagadh,rtsp-live,live
2026-09-27T20:39:38+00:00,GJ10ON2875,GJ100N2875,0.95,motorcycle,cam06,GSRTC,06 Timbavadi gate-Junagadh,rtsp-live,live
2026-09-27T20:38:58+00:00,GJ11BR0928,GJ11BR0928,0.88,motorcycle,cam06,GSRTC,06 Timbavadi gate-Junagadh,rtsp-live,live
2026-09-27T20:38:34+00:00,GJ11VV7338,GJ11VV7338,0.94,truck,cam06,GSRTC,06 Timbavadi gate-Junagadh,rtsp-live,live
2026-09-27T20:38:30+00:00,GJ15CB2934,GJ15C82934,0.98,car,cam06,GSRTC,06 Timbavadi gate-Junagadh,rtsp-live,live
2026-09-27T20:38:30+00:00,GJ15EB2934,GJ15E82934,0.93,car,cam06,GSRTC,06 Timbavadi gate-Junagadh,rtsp-live,live
2026-09-27T20:38:18+00:00,GJ03ER8216,GJ03ER8216,0.99,truck,cam06,GSRTC,06 Timbavadi gate-Junagadh,rtsp-live,live
2026-09-27T20:37:03+00:00,GJ11CO3491,GJ11C03491,0.97,motorcycle,cam06,GSRTC,06 Timbavadi gate-Junagadh,rtsp-live,live
2026-09-27T20:36:50+00:00,GJ11BR8190,6J118R8190,0.93,car,cam06,GSRTC,06 Timbavadi gate-Junagadh,rtsp-live,live
2026-09-27T20:36:33+00:00,GJ11AS5892,GJ11AS5892,0.99,bus,cam06,GSRTC,06 Timbavadi gate-Junagadh,rtsp-live,live
2026-09-27T20:36:26+00:00,GJ01R5926,6J01R$5926,0.85,bus,cam06,GSRTC,06 Timbavadi gate-Junagadh,rtsp-live,live
2026-09-27T20:36:26+00:00,GJ25AA4345,GJ25AA4345,0.99,motorcycle,cam06,GSRTC,06 Timbavadi gate-Junagadh,rtsp-live,live
2026-09-27T20:36:26+00:00,GJ01RS5926,GJ01RS5926,0.84,truck,cam06,GSRTC,06 Timbavadi gate-Junagadh,rtsp-live,live
2026-09-27T20:36:13+00:00,GJ32K9819,GJ32 K 9819,0.97,car,cam06,GSRTC,06 Timbavadi gate-Junagadh,rtsp-live,live
2026-09-27T20:36:13+00:00,GJ05JF6480,6J05JF6480,0.97,truck,cam06,GSRTC,06 Timbavadi gate-Junagadh,rtsp-live,live
2026-09-27T20:35:31+00:00,GJ11CO8899,'-6J11C08899,0.86,car,cam06,GSRTC,06 Timbavadi gate-Junagadh,rtsp-live,live
2026-09-27T20:34:36+00:00,GJ32X9985,GJ32 X 9985,0.96,bus,cam06,GSRTC,06 Timbavadi gate-Junagadh,rtsp-live,live
2026-09-27T20:34:06+00:00,GJ18BR5253,GJ188R5253,0.94,car,cam06,GSRTC,06 Timbavadi gate-Junagadh,rtsp-live,live
2026-09-27T20:33:54+00:00,GJ03ME9186,GJ03ME9186,0.93,car,cam06,GSRTC,06 Timbavadi gate-Junagadh,rtsp-live,live
2026-09-27T20:33:48+00:00,GJ11S9258,GJ11S9258,0.94,motorcycle,cam06,GSRTC,06 Timbavadi gate-Junagadh,rtsp-live,live
2026-09-27T20:32:47+00:00,GJ03MH7800,GJ03MH7800,0.94,truck,cam06,GSRTC,06 Timbavadi gate-Junagadh,rtsp-live,live
2026-09-27T20:32:08+00:00,GJ11CO3625,GJ11C03625,0.94,car,cam06,GSRTC,06 Timbavadi gate-Junagadh,rtsp-live,live
2026-09-27T20:31:08+00:00,GJ11S7924,GJ11S7924,0.95,truck,cam06,GSRTC,06 Timbavadi gate-Junagadh,rtsp-live,live
2026-09-27T20:30:51+00:00,GJ23H1546,GJ23H1546.,0.99,bus,cam06,GSRTC,06 Timbavadi gate-Junagadh,rtsp-live,live
2026-09-27T20:14:42+00:00,GJ11VV7338,GJ11VV7338,0.98,truck,cam06,GSRTC,06 Timbavadi gate-Junagadh,rtsp-live,live
2026-09-27T20:14:30+00:00,GJ03JR5317,GJ03JR5317,0.99,car,cam06,GSRTC,06 Timbavadi gate-Junagadh,rtsp-live,live
2026-09-27T20:14:23+00:00,GJ03ER8216,GJ03ER8216,0.94,car,cam06,GSRTC,06 Timbavadi gate-Junagadh,rtsp-live,live
2026-09-27T20:12:23+00:00,GJ05JF6480,6J05JF6480,0.93,car,cam06,GSRTC,06 Timbavadi gate-Junagadh,rtsp-live,live
2026-09-27T20:11:42+00:00,GJ11CO8889,GJ11C08889,0.82,motorcycle,cam06,GSRTC,06 Timbavadi gate-Junagadh,rtsp-live,live
2026-09-27T20:09:57+00:00,GJ03ME9186,GJ03ME9186,0.96,car,cam06,GSRTC,06 Timbavadi gate-Junagadh,rtsp-live,live
2026-09-27T20:07:13+00:00,GJ11S7924,'-GJ11S7924,0.99,truck,cam06,GSRTC,06 Timbavadi gate-Junagadh,rtsp-live,live
2026-09-27T20:05:33+00:00,GJ11CO8889,GJ11C08889,0.97,motorcycle,cam06,GSRTC,06 Timbavadi gate-Junagadh,rtsp-live,live
2026-09-27T20:02:03+00:00,GJ11CO9625,6J11C09625,0.95,car,cam06,GSRTC,06 Timbavadi gate-Junagadh,rtsp-live,live
2026-09-27T19:44:00+00:00,GJ11S9258,GJ11S9258,0.95,car,cam06,GSRTC,06 Timbavadi gate-Junagadh,rtsp-live,live
2026-09-27T19:42:31+00:00,GJ01HM7952,GJ01HM7952,0.91,car,cam06,GSRTC,06 Timbavadi gate-Junagadh,rtsp-live,live
2026-09-27T19:42:21+00:00,GJ11CO3625,GJ11C03625,0.94,car,cam06,GSRTC,06 Timbavadi gate-Junagadh,rtsp-live,live
2026-09-27T19:41:24+00:00,GJ11S7924,GJ11S7924,0.93,truck,cam06,GSRTC,06 Timbavadi gate-Junagadh,rtsp-live,live
2026-09-27T19:41:09+00:00,GJ23H1546,6J23H1546,0.92,car,cam06,GSRTC,06 Timbavadi gate-Junagadh,rtsp-live,live
2026-09-27T19:40:34+00:00,GJ32AG2883,GJ32AG2883,0.98,motorcycle,cam06,GSRTC,06 Timbavadi gate-Junagadh,rtsp-live,live
2026-09-27T19:39:49+00:00,GJ18X,GJ.18.X,0.90,truck,cam06,GSRTC,06 Timbavadi gate-Junagadh,rtsp-live,live
2026-09-27T19:38:15+00:00,GJ32AG2883,GJ32AG2883,0.95,car,cam06,GSRTC,06 Timbavadi gate-Junagadh,rtsp-live,live
2026-09-27T19:36:52+00:00,GJ11CO3491,GJ11C03491,0.89,car,cam06,GSRTC,06 Timbavadi gate-Junagadh,rtsp-live,live
2026-09-27T19:36:20+00:00,GJ25II4345,GJ25114345,0.91,motorcycle,cam06,GSRTC,06 Timbavadi gate-Junagadh,rtsp-live,live
2026-09-27T19:31:06+00:00,GJ11S7924,GJ1157924,0.84,truck,cam06,GSRTC,06 Timbavadi gate-Junagadh,rtsp-live,live
2026-09-27T19:12:33+00:00,GJ03AZ0644,6J03AZ0644,0.93,truck,cam06,GSRTC,06 Timbavadi gate-Junagadh,rtsp-live,live
2026-09-27T19:11:18+00:00,GJ01RS9114,GJ01RS9114,0.93,car,cam06,GSRTC,06 Timbavadi gate-Junagadh,rtsp-live,live
2026-09-27T19:09:35+00:00,GJ03PB5082,GJ03P85082,0.91,car,cam06,GSRTC,06 Timbavadi gate-Junagadh,rtsp-live,live
2026-09-27T19:08:22+00:00,GJ11BR0928,GJ118R0928,0.99,car,cam06,GSRTC,06 Timbavadi gate-Junagadh,rtsp-live,live
2026-09-27T19:08:04+00:00,GJ11CH3274,GJ11CH3274,0.98,car,cam06,GSRTC,06 Timbavadi gate-Junagadh,rtsp-live,live
2026-09-27T19:07:59+00:00,GJ15CB2934,GJ15CB2934,0.91,car,cam06,GSRTC,06 Timbavadi gate-Junagadh,rtsp-live,live
2026-09-27T19:06:25+00:00,GJ11CO3491,GJ11C03491,0.98,car,cam06,GSRTC,06 Timbavadi gate-Junagadh,rtsp-live,live
2026-09-27T19:05:44+00:00,GJ32K9819,GJ32 K 9819,0.96,bus,cam06,GSRTC,06 Timbavadi gate-Junagadh,rtsp-live,live
2026-09-27T19:05:01+00:00,GJ11CO8889,GJ11C08889,0.82,car,cam06,GSRTC,06 Timbavadi gate-Junagadh,rtsp-live,live
2026-09-27T19:04:52+00:00,GJ37AB9445,GJ37AB9445,0.99,bus,cam06,GSRTC,06 Timbavadi gate-Junagadh,rtsp-live,live
2026-09-27T19:04:05+00:00,GJ32K9985,GJ32K 9985,0.94,car,cam06,GSRTC,06 Timbavadi gate-Junagadh,rtsp-live,live
2026-09-27T19:03:25+00:00,GJ11BH0417,GJ11BH0417,0.93,car,cam06,GSRTC,06 Timbavadi gate-Junagadh,rtsp-live,live
2026-09-27T19:03:25+00:00,GJ03ME9186,GJ03ME9186,0.96,motorcycle,cam06,GSRTC,06 Timbavadi gate-Junagadh,rtsp-live,live
2026-09-27T19:02:21+00:00,GJ03MH7800,GJ03MH7800,0.94,car,cam06,GSRTC,06 Timbavadi gate-Junagadh,rtsp-live,live
2026-09-27T19:01:49+00:00,GJ01HM7952,GJ01HM7952,0.95,car,cam06,GSRTC,06 Timbavadi gate-Junagadh,rtsp-live,live
2026-09-27T19:00:39+00:00,GJ11S7924,GJ11S7924,0.97,truck,cam06,GSRTC,06 Timbavadi gate-Junagadh,rtsp-live,live
2026-09-27T18:40:22+00:00,GJ10SG4738,GJ105G4738,0.72,car,cam06,GSRTC,06 Timbavadi gate-Junagadh,rtsp-live,live
2026-09-27T18:39:15+00:00,GJ32XA2854,GJ32XA2854,0.88,truck,cam06,GSRTC,06 Timbavadi gate-Junagadh,rtsp-live,live
2026-09-27T18:37:54+00:00,GJ11BR0928,GJ118R0928,0.79,truck,cam06,GSRTC,06 Timbavadi gate-Junagadh,rtsp-live,live
2026-09-27T18:33:35+00:00,GJ02X9985,GJ02X 9985,0.89,truck,cam06,GSRTC,06 Timbavadi gate-Junagadh,rtsp-live,live
2026-09-27T18:33:33+00:00,GJ92X9985,6J9ZX9985,0.85,car,cam06,GSRTC,06 Timbavadi gate-Junagadh,rtsp-live,live
2026-09-27T18:32:54+00:00,GJ11S9258,GJ11S9258,0.99,bus,cam06,GSRTC,06 Timbavadi gate-Junagadh,rtsp-live,live
2026-09-27T18:32:36+00:00,GJ11G1388,GJ11G1388,0.88,car,cam06,GSRTC,06 Timbavadi gate-Junagadh,rtsp-live,live
2026-09-27T18:27:45+00:00,GJ03JR1036,GJ03JR1036,0.89,car,cam06,GSRTC,06 Timbavadi gate-Junagadh,rtsp-live,live
2026-09-27T18:24:59+00:00,GJ32AG2883,GJ32AG2883,0.97,motorcycle,cam06,GSRTC,06 Timbavadi gate-Junagadh,rtsp-live,live
2026-09-27T18:21:45+00:00,GJ11S7924,GJ11S7924,0.92,truck,cam06,GSRTC,06 Timbavadi gate-Junagadh,rtsp-live,live
2026-09-27T18:16:42+00:00,GJ03RY8224,G.J03RY8224,0.86,car,cam06,GSRTC,06 Timbavadi gate-Junagadh,rtsp-live,live
2026-09-27T18:16:23+00:00,GJ18BL4660,GJ188L4660,0.99,car,cam06,GSRTC,06 Timbavadi gate-Junagadh,rtsp-live,live
2026-09-27T18:16:07+00:00,GJ18ZT2013,GJ182T2013,0.96,bus,cam06,GSRTC,06 Timbavadi gate-Junagadh,rtsp-live,live
2026-09-27T18:15:22+00:00,GJ03LG6586,GJ03LG6586,0.96,bus,cam06,GSRTC,06 Timbavadi gate-Junagadh,rtsp-live,live
2026-09-27T18:14:59+00:00,GJ11BR1008,GJ11BR1008,0.96,car,cam06,GSRTC,06 Timbavadi gate-Junagadh,rtsp-live,live
2026-09-27T18:14:52+00:00,GJ11BB1008,GJ11881008,0.89,car,cam06,GSRTC,06 Timbavadi gate-Junagadh,rtsp-live,live
2026-09-27T18:13:22+00:00,GJ11CH0340,GJ11CH0340,1.00,bus,cam06,GSRTC,06 Timbavadi gate-Junagadh,rtsp-live,live
2026-09-27T18:10:23+00:00,GJ15EB2934,GJ15E82934,0.90,truck,cam06,GSRTC,06 Timbavadi gate-Junagadh,rtsp-live,live
2026-09-27T18:05:34+00:00,GJ11S9258,GJ11S9258,0.94,truck,cam06,GSRTC,06 Timbavadi gate-Junagadh,rtsp-live,live
2026-09-27T18:04:01+00:00,GJ01HM7952,GJ01HM7952,0.98,bus,cam06,GSRTC,06 Timbavadi gate-Junagadh,rtsp-live,live
2026-09-27T18:03:52+00:00,GJ11CO9625,GJ11C09625,0.96,truck,cam06,GSRTC,06 Timbavadi gate-Junagadh,rtsp-live,live
2026-09-27T18:03:29+00:00,GJ03FX8807,GJ03FX8807,0.93,car,cam06,GSRTC,06 Timbavadi gate-Junagadh,rtsp-live,live
2026-09-27T18:03:00+00:00,GJ11S7924,GJ11S7924,0.99,motorcycle,cam06,GSRTC,06 Timbavadi gate-Junagadh,rtsp-live,live
2026-09-27T18:00:37+00:00,GJ01RS9114,GJ01R59114,0.87,car,cam06,GSRTC,06 Timbavadi gate-Junagadh,rtsp-live,live
2026-09-27T17:59:12+00:00,GJ32AA2864,GJ32AA2864,0.99,motorcycle,cam06,GSRTC,06 Timbavadi gate-Junagadh,rtsp-live,live
2026-09-27T17:58:58+00:00,GJ03PR6082,GJ03PR60B2,0.89,car,cam06,GSRTC,06 Timbavadi gate-Junagadh,rtsp-live,live
2026-09-27T17:58:24+00:00,GJ10ON2875,GJ100N2875,0.98,car,cam06,GSRTC,06 Timbavadi gate-Junagadh,rtsp-live,live
2026-09-27T17:57:43+00:00,22BH0641B,228H06418,0.87,car,own01,Police,"Own camera 1 — stock traffic clip, seeded coordinates",rtsp-live,live
2026-09-27T17:56:41+00:00,GJ02CL3526,GJO2CL3526,0.96,car,cam06,GSRTC,06 Timbavadi gate-Junagadh,rtsp-live,live
2026-09-27T17:55:54+00:00,GJ11CD3491,GJ11CD3491,0.99,motorcycle,cam06,GSRTC,06 Timbavadi gate-Junagadh,rtsp-live,live
2026-09-27T17:55:54+00:00,GJ11CO3191,GJ11C03191,0.86,car,cam06,GSRTC,06 Timbavadi gate-Junagadh,rtsp-live,live
2026-09-27T17:55:54+00:00,GJ11BR8190,"""GJ11BR8190",0.92,car,cam06,GSRTC,06 Timbavadi gate-Junagadh,rtsp-live,live
2026-09-27T17:55:28+00:00,GJ03PD2863,GJ03PD2863,0.63,motorcycle,cam06,GSRTC,06 Timbavadi gate-Junagadh,rtsp-live,live
2026-09-27T17:55:08+00:00,GJ05JF6480,GJ05JF6480,0.99,car,cam06,GSRTC,06 Timbavadi gate-Junagadh,rtsp-live,live
2026-09-27T17:54:38+00:00,GJ11CD8889,GJ11CD8889,0.93,motorcycle,cam06,GSRTC,06 Timbavadi gate-Junagadh,rtsp-live,live
2026-09-27T17:54:18+00:00,GJ37AB9445,GJ37AB9445,0.98,motorcycle,cam06,GSRTC,06 Timbavadi gate-Junagadh,rtsp-live,live
2026-09-27T17:54:13+00:00,GJ11BH2735,GJ11BH2735,0.69,car,cam06,GSRTC,06 Timbavadi gate-Junagadh,rtsp-live,live
2026-09-27T17:53:29+00:00,GJ32X9985,GJ32X9985,0.89,truck,cam06,GSRTC,06 Timbavadi gate-Junagadh,rtsp-live,live
2026-09-27T17:53:01+00:00,GJ19BR5253,'-GJ198R5253,0.86,motorcycle,cam06,GSRTC,06 Timbavadi gate-Junagadh,rtsp-live,live
2026-09-27T17:52:53+00:00,GJ11BH0417,GJ11BH0417,0.95,motorcycle,cam06,GSRTC,06 Timbavadi gate-Junagadh,rtsp-live,live
2026-09-27T17:52:43+00:00,GJ11S9258,GJ11S9Z58,0.95,motorcycle,cam06,GSRTC,06 Timbavadi gate-Junagadh,rtsp-live,live
2026-09-27T17:52:26+00:00,GJ03JC5583,GJ03JC5583,0.95,motorcycle,cam06,GSRTC,06 Timbavadi gate-Junagadh,rtsp-live,live
2026-09-27T17:52:25+00:00,GJ32B2702,GJ32 8 2702,0.87,motorcycle,cam06,GSRTC,06 Timbavadi gate-Junagadh,rtsp-live,live
2026-09-27T17:51:44+00:00,GJ03JR1036,GJ03JR1036,0.96,car,cam06,GSRTC,06 Timbavadi gate-Junagadh,rtsp-live,live
2026-09-27T17:51:12+00:00,GJ01HM7952,GJ0 1HM7952,0.96,truck,cam06,GSRTC,06 Timbavadi gate-Junagadh,rtsp-live,live
2026-09-27T17:51:04+00:00,GJ11CO3625,GJ11C03625,0.91,car,cam06,GSRTC,06 Timbavadi gate-Junagadh,rtsp-live,live
2026-09-27T17:51:01+00:00,GJ11CG9625,6J11C69625,0.87,car,cam06,GSRTC,06 Timbavadi gate-Junagadh,rtsp-live,live
2026-09-27T17:50:06+00:00,GJ11S7924,'-GJ11S7924,0.98,bus,cam06,GSRTC,06 Timbavadi gate-Junagadh,rtsp-live,live
2026-09-27T17:49:47+00:00,GJ23H1548,6J23H1548,0.78,car,cam06,GSRTC,06 Timbavadi gate-Junagadh,rtsp-live,live
2026-09-27T17:48:50+00:00,GJ18BL4660,GJ188L4660,0.99,motorcycle,cam06,GSRTC,06 Timbavadi gate-Junagadh,rtsp-live,live
2026-09-27T17:47:00+00:00,GJ03LG9656,'-GJ03LG9656,0.91,car,cam06,GSRTC,06 Timbavadi gate-Junagadh,rtsp-live,live
2026-09-27T17:46:37+00:00,GJ03AZ0644,6J03AZ0644,0.96,bus,cam06,GSRTC,06 Timbavadi gate-Junagadh,rtsp-live,live
2026-09-27T17:45:12+00:00,GJ36R4094,GJ36R4094,1.00,car,cam06,GSRTC,06 Timbavadi gate-Junagadh,rtsp-live,live
2026-09-27T17:42:05+00:00,GJ03ER8216,GJ03ER8216,0.96,bus,cam06,GSRTC,06 Timbavadi gate-Junagadh,rtsp-live,live
2026-09-27T17:41:35+00:00,GJ11OB2886,6J110B2886,0.87,motorcycle,cam06,GSRTC,06 Timbavadi gate-Junagadh,rtsp-live,live
2026-09-27T17:40:38+00:00,GJ11BR8190,6J118R8190,0.93,car,cam06,GSRTC,06 Timbavadi gate-Junagadh,rtsp-live,live
2026-09-27T17:40:07+00:00,GJ32K9819,GJ32 K 9819,0.97,motorcycle,cam06,GSRTC,06 Timbavadi gate-Junagadh,rtsp-live,live
2026-09-27T17:39:59+00:00,GJ32X9819,GJ32 X 9819,0.86,motorcycle,cam06,GSRTC,06 Timbavadi gate-Junagadh,rtsp-live,live
2026-09-27T17:39:16+00:00,GJ11CO8889,GJ11C08889,0.82,car,cam06,GSRTC,06 Timbavadi gate-Junagadh,rtsp-live,live
2026-09-27T17:37:54+00:00,GJ18BB5253,GJ18885253,0.99,motorcycle,cam06,GSRTC,06 Timbavadi gate-Junagadh,rtsp-live,live
2026-09-27T17:37:39+00:00,GJ11BH0417,GJ11BH0417,0.96,motorcycle,cam06,GSRTC,06 Timbavadi gate-Junagadh,rtsp-live,live
2026-09-27T17:35:51+00:00,GJ11CO9625,GJ11C09625,0.95,car,cam06,GSRTC,06 Timbavadi gate-Junagadh,rtsp-live,live
2026-09-27T17:34:55+00:00,GJ11S7924,'-6J11S7924,0.92,truck,cam06,GSRTC,06 Timbavadi gate-Junagadh,rtsp-live,live
2026-09-27T17:34:35+00:00,GJ23H1546,GJ23H1546,0.97,bus,cam06,GSRTC,06 Timbavadi gate-Junagadh,rtsp-live,live
2026-09-27T17:18:03+00:00,GJ32I9989,6J3219989,0.73,truck,cam06,GSRTC,06 Timbavadi gate-Junagadh,rtsp-live,live
2026-09-27T17:16:59+00:00,GJ03JC5583,GJ03JC5583,0.95,car,cam06,GSRTC,06 Timbavadi gate-Junagadh,rtsp-live,live
2026-09-27T17:16:28+00:00,GJ03JR1036,GJ03JR1036,0.91,motorcycle,cam06,GSRTC,06 Timbavadi gate-Junagadh,rtsp-live,live
2026-09-27T17:16:19+00:00,GJ03MH7800,GJ03MH7800,0.95,truck,cam06,GSRTC,06 Timbavadi gate-Junagadh,rtsp-live,live
2026-09-27T17:13:36+00:00,GJ18X,GJ.18.X,0.91,truck,cam06,GSRTC,06 Timbavadi gate-Junagadh,rtsp-live,live
2026-09-27T17:10:24+00:00,GJ18X,GJ.18.X,0.86,truck,cam06,GSRTC,06 Timbavadi gate-Junagadh,rtsp-live,live
2026-09-27T17:07:19+00:00,GJ18X,GJ.18.X,0.89,truck,cam06,GSRTC,06 Timbavadi gate-Junagadh,rtsp-live,live
2026-09-27T17:04:01+00:00,GJ32AG2883,GJ32AG2883,0.95,motorcycle,cam06,GSRTC,06 Timbavadi gate-Junagadh,rtsp-live,live
2026-09-27T17:03:30+00:00,GJ18X,GJ.18.X,0.78,truck,cam06,GSRTC,06 Timbavadi gate-Junagadh,rtsp-live,live
2026-09-27T17:02:33+00:00,GJ03JL6883,GJ03JL6883,0.97,car,cam06,GSRTC,06 Timbavadi gate-Junagadh,rtsp-live,live
2026-09-27T17:02:15+00:00,GJ18BC9672,6J188C9672,0.99,car,cam06,GSRTC,06 Timbavadi gate-Junagadh,rtsp-live,live
2026-09-27T17:01:36+00:00,GJ03HR0416,6J03HR0416,0.79,car,cam06,GSRTC,06 Timbavadi gate-Junagadh,rtsp-live,live
2026-09-27T17:01:36+00:00,GJ01RA3681,GJ0.1RA3681,0.90,motorcycle,cam06,GSRTC,06 Timbavadi gate-Junagadh,rtsp-live,live
2026-09-27T17:01:25+00:00,GJ18BL4660,GJ18BL4660,0.96,motorcycle,cam06,GSRTC,06 Timbavadi gate-Junagadh,rtsp-live,live
2026-09-27T17:01:16+00:00,GJ11CO8831,GJ11C08831,0.99,motorcycle,cam06,GSRTC,06 Timbavadi gate-Junagadh,rtsp-live,live
2026-09-27T17:01:08+00:00,GJ18ZT2013,GJ18ZT2013,1.00,motorcycle,cam06,GSRTC,06 Timbavadi gate-Junagadh,rtsp-live,live
2026-09-27T17:00:46+00:00,GJ18ZT1782,GJ18ZT1782,0.88,motorcycle,cam06,GSRTC,06 Timbavadi gate-Junagadh,rtsp-live,live
2026-09-27T17:00:14+00:00,GJ03JR8399,GJ03JR8399,0.97,bus,cam06,GSRTC,06 Timbavadi gate-Junagadh,rtsp-live,live
2026-09-27T17:00:00+00:00,GJ18BH7584,GJ18BH7584,0.58,motorcycle,cam06,GSRTC,06 Timbavadi gate-Junagadh,rtsp-live,live
2026-09-27T16:59:54+00:00,GJ03LG9656,GJ03L69656,0.89,car,cam06,GSRTC,06 Timbavadi gate-Junagadh,rtsp-live,live
2026-09-27T16:59:50+00:00,GJ11BB1008,GJ11881008,0.89,motorcycle,cam06,GSRTC,06 Timbavadi gate-Junagadh,rtsp-live,live
2026-09-27T16:59:30+00:00,GJ03A2064,6J03AZ064,0.95,truck,cam06,GSRTC,06 Timbavadi gate-Junagadh,rtsp-live,live
2026-09-27T16:59:17+00:00,GJ11BR2509,GJ11BR2509,0.66,motorcycle,cam06,GSRTC,06 Timbavadi gate-Junagadh,rtsp-live,live
2026-09-27T16:58:26+00:00,GJ01RS9114,G.J01R59114,0.89,motorcycle,cam06,GSRTC,06 Timbavadi gate-Junagadh,rtsp-live,live
2026-09-27T16:58:14+00:00,GJ11CH0340,'-GJ11CH0340,0.96,car,cam06,GSRTC,06 Timbavadi gate-Junagadh,rtsp-live,live
2026-09-27T16:58:14+00:00,GJ36R4094,GJ36R4094,1.00,motorcycle,cam06,GSRTC,06 Timbavadi gate-Junagadh,rtsp-live,live
2026-09-27T16:58:08+00:00,GJ10CG4786,GJ1QCG4786,0.90,car,cam06,GSRTC,06 Timbavadi gate-Junagadh,rtsp-live,live
2026-09-27T16:57:00+00:00,GJ32AA2864,GJ32AA2864,0.90,motorcycle,cam06,GSRTC,06 Timbavadi gate-Junagadh,rtsp-live,live
2026-09-27T16:56:45+00:00,GJ03PB5082,GJ03P85082,0.92,truck,cam06,GSRTC,06 Timbavadi gate-Junagadh,rtsp-live,live
2026-09-27T16:56:12+00:00,GJ10ON2875,GJ100N2875,0.96,motorcycle,cam06,GSRTC,06 Timbavadi gate-Junagadh,rtsp-live,live
2026-09-27T16:55:30+00:00,GJ11BR0928,GJ118R0928,0.98,car,cam06,GSRTC,06 Timbavadi gate-Junagadh,rtsp-live,live
2026-09-27T16:55:18+00:00,GJ15EB2934,GJ15E82934,0.65,car,cam06,GSRTC,06 Timbavadi gate-Junagadh,rtsp-live,live
2026-09-27T16:55:10+00:00,GJ15CB2934,GJ15C82934,0.97,car,cam06,GSRTC,06 Timbavadi gate-Junagadh,rtsp-live,live
2026-09-27T16:54:57+00:00,GJ03ER8216,GJ03ER8216,0.99,car,cam06,GSRTC,06 Timbavadi gate-Junagadh,rtsp-live,live
2026-09-27T16:53:13+00:00,GJ03PD2863,GJ03PD2863,0.55,motorcycle,cam06,GSRTC,06 Timbavadi gate-Junagadh,rtsp-live,live
2026-09-27T16:53:08+00:00,GJ03ZO2863,6J03202863,0.83,motorcycle,cam06,GSRTC,06 Timbavadi gate-Junagadh,rtsp-live,live
2026-09-27T16:52:48+00:00,GJ32X9819,GJ32 X 9819,0.86,car,cam06,GSRTC,06 Timbavadi gate-Junagadh,rtsp-live,live
2026-09-27T16:52:12+00:00,GJ11OO8889,GJ11008889,0.95,motorcycle,cam06,GSRTC,06 Timbavadi gate-Junagadh,rtsp-live,live
2026-09-27T16:52:12+00:00,GJ11CD8889,GJ11CD8889,0.99,motorcycle,cam06,GSRTC,06 Timbavadi gate-Junagadh,rtsp-live,live
2026-09-27T16:52:01+00:00,GJ37AB9445,GJ37AB9445,0.97,car,cam06,GSRTC,06 Timbavadi gate-Junagadh,rtsp-live,live
2026-09-27T16:51:16+00:00,GJ32K9985,GJ32 K 9985,0.94,motorcycle,cam06,GSRTC,06 Timbavadi gate-Junagadh,rtsp-live,live
2026-09-27T16:50:49+00:00,GJ18BR5253,GJ188R5253,0.96,motorcycle,cam06,GSRTC,06 Timbavadi gate-Junagadh,rtsp-live,live
2026-09-27T16:50:49+00:00,GJ19BB5253,GJ19885253,0.94,motorcycle,cam06,GSRTC,06 Timbavadi gate-Junagadh,rtsp-live,live
2026-09-27T16:50:35+00:00,GJ11BH0417,GJ11BH0417,0.94,motorcycle,cam06,GSRTC,06 Timbavadi gate-Junagadh,rtsp-live,live
2026-09-27T16:50:16+00:00,GJ11G1388,6J1161388,0.94,car,cam06,GSRTC,06 Timbavadi gate-Junagadh,rtsp-live,live
2026-09-27T16:49:29+00:00,GJ03MH7800,GJ03MH7800,0.95,car,cam06,GSRTC,06 Timbavadi gate-Junagadh,rtsp-live,live
2026-09-27T16:48:57+00:00,GJ01HM7952,GJ0 1HM7952,0.92,bus,cam06,GSRTC,06 Timbavadi gate-Junagadh,rtsp-live,live
2026-09-27T16:48:23+00:00,GJ03FX8807,GJ03FX8807,0.94,motorcycle,cam06,GSRTC,06 Timbavadi gate-Junagadh,rtsp-live,live
2026-09-27T16:47:33+00:00,GJ23H1546,GJ23H1546,0.97,truck,cam06,GSRTC,06 Timbavadi gate-Junagadh,rtsp-live,live
2026-09-27T16:46:51+00:00,GJ32AG2883,GJ32AG2883,0.99,car,cam06,GSRTC,06 Timbavadi gate-Junagadh,rtsp-live,live
2026-09-27T16:45:03+00:00,GJ03JR9399,6J03JR9399,0.73,motorcycle,cam06,GSRTC,06 Timbavadi gate-Junagadh,rtsp-live,live
2026-09-27T16:44:21+00:00,GJ03AZ0644,6J03AZ0644,0.97,truck,cam06,GSRTC,06 Timbavadi gate-Junagadh,rtsp-live,live
2026-09-27T16:43:17+00:00,GJ01RS9114,GJ01R59114,0.99,motorcycle,cam06,GSRTC,06 Timbavadi gate-Junagadh,rtsp-live,live
2026-09-27T08:32:39+00:00,GJ03JR9399,6J03JR9399,0.70,car,cam06,GSRTC,06 Timbavadi gate-Junagadh,rtsp-live,live
2026-09-27T08:32:19+00:00,GJ11CH4401,'-GJ11CH4401,0.75,car,cam06,GSRTC,06 Timbavadi gate-Junagadh,rtsp-live,live
2026-09-27T08:32:01+00:00,GJ03AZ0644,6J03AZ0644,0.97,truck,cam06,GSRTC,06 Timbavadi gate-Junagadh,rtsp-live,live
2026-09-27T08:31:37+00:00,GJ01K1659,'-GJO1KI659,0.65,car,cam06,GSRTC,06 Timbavadi gate-Junagadh,rtsp-live,live
2026-09-27T08:30:30+00:00,GJ10CG4796,GJ10CG-4796,0.83,car,cam06,GSRTC,06 Timbavadi gate-Junagadh,rtsp-live,live
2026-09-27T08:27:45+00:00,GJ03KH0407,GJ03KH0407,0.97,car,cam06,GSRTC,06 Timbavadi gate-Junagadh,rtsp-live,live
2026-09-27T08:27:25+00:00,GJ03ER8216,GJ03ER8216,0.98,bus,cam06,GSRTC,06 Timbavadi gate-Junagadh,rtsp-live,live
2026-09-27T08:27:20+00:00,GJ11CO1637,'-GJ11C01637,0.92,truck,cam06,GSRTC,06 Timbavadi gate-Junagadh,rtsp-live,live
2026-09-27T08:25:33+00:00,GJ01RS5926,6J01RS5926,0.90,truck,cam06,GSRTC,06 Timbavadi gate-Junagadh,rtsp-live,live
2026-09-27T08:25:33+00:00,GJ01R5926,6J01R$5926,0.82,bus,cam06,GSRTC,06 Timbavadi gate-Junagadh,rtsp-live,live
2026-09-27T08:25:16+00:00,GJ32X9819,GJ32 X 9819,0.91,car,cam06,GSRTC,06 Timbavadi gate-Junagadh,rtsp-live,live
2026-09-27T08:24:38+00:00,GJ11CD8889,GJ11CD8889,0.93,car,cam06,GSRTC,06 Timbavadi gate-Junagadh,rtsp-live,live
2026-09-27T08:24:28+00:00,GJ37AB9445,GJ37AB9445,0.99,bus,cam06,GSRTC,06 Timbavadi gate-Junagadh,rtsp-live,live
2026-09-27T08:22:38+00:00,GJ32B2702,GJ 32 B 2702,0.92,car,cam06,GSRTC,06 Timbavadi gate-Junagadh,rtsp-live,live
2026-09-27T08:21:27+00:00,GJ01HM7952,GJO1HM7952,0.94,car,cam06,GSRTC,06 Timbavadi gate-Junagadh,rtsp-live,live
2026-09-27T08:21:16+00:00,GJ11CO9625,GJ11C09625,0.97,car,cam06,GSRTC,06 Timbavadi gate-Junagadh,rtsp-live,live
2026-09-27T08:20:17+00:00,GJ11S7924,GJ1157924,0.87,truck,cam06,GSRTC,06 Timbavadi gate-Junagadh,rtsp-live,live
2026-09-27T08:19:22+00:00,GJ32AG2883,GJ32AG2883,0.99,bus,cam06,GSRTC,06 Timbavadi gate-Junagadh,rtsp-live,live
2026-09-27T08:19:16+00:00,GJ18X,GJ.18.X,0.97,truck,cam06,GSRTC,06 Timbavadi gate-Junagadh,rtsp-live,live
2026-09-27T08:17:24+00:00,GJ10CG4736,GJ10CG4736,0.64,motorcycle,cam06,GSRTC,06 Timbavadi gate-Junagadh,rtsp-live,live
2026-09-27T08:13:58+00:00,GJ11CO1607,6J11C01607,0.73,car,cam06,GSRTC,06 Timbavadi gate-Junagadh,rtsp-live,live
2026-09-27T07:53:06+00:00,GJ32IA2854,GJ321A2854,0.85,truck,cam06,GSRTC,06 Timbavadi gate-Junagadh,rtsp-live,live
2026-09-27T07:51:09+00:00,GJ03ER8216,GJ03ER8216,0.96,car,cam06,GSRTC,06 Timbavadi gate-Junagadh,rtsp-live,live
2026-09-27T07:49:44+00:00,GJ11BB8190,6J11888190,0.86,car,cam06,GSRTC,06 Timbavadi gate-Junagadh,rtsp-live,live
2026-09-27T07:45:42+00:00,GJ03JR1036,GJ03JR1036,0.90,car,cam06,GSRTC,06 Timbavadi gate-Junagadh,rtsp-live,live
2026-09-27T07:37:55+00:00,GJ01BB7952,'-6J01887952,0.89,truck,cam06,GSRTC,06 Timbavadi gate-Junagadh,rtsp-live,live
2026-09-27T07:36:56+00:00,GJ11CO7311,GJ11C07311,0.77,car,cam06,GSRTC,06 Timbavadi gate-Junagadh,rtsp-live,live
2026-09-27T07:21:08+00:00,GJ14,GJ14,0.99,truck,cam06,GSRTC,06 Timbavadi gate-Junagadh,rtsp-live,live
2026-09-27T07:20:57+00:00,GJ24BF2220,GJ24BF2220,0.99,car,cam06,GSRTC,06 Timbavadi gate-Junagadh,rtsp-live,live
2026-09-27T07:20:41+00:00,GJ11CL0500,#GJ11CL0500,0.93,motorcycle,cam06,GSRTC,06 Timbavadi gate-Junagadh,rtsp-live,live
2026-09-27T07:20:39+00:00,GJ11CL3557,GJ11CL3557,0.84,car,cam06,GSRTC,06 Timbavadi gate-Junagadh,rtsp-live,live
2026-09-27T07:20:01+00:00,GJ14Z0902,'-GJ1420902,0.88,bus,cam06,GSRTC,06 Timbavadi gate-Junagadh,rtsp-live,live
2026-09-27T07:20:01+00:00,GJ32AA4126,GJ32AA4126,0.93,car,cam06,GSRTC,06 Timbavadi gate-Junagadh,rtsp-live,live
2026-09-27T07:19:52+00:00,GJ11CO3384,GJ11C03384,0.97,motorcycle,cam06,GSRTC,06 Timbavadi gate-Junagadh,rtsp-live,live
2026-09-27T07:19:41+00:00,GJ15ZV0386,GJ152V0386,0.91,truck,cam06,GSRTC,06 Timbavadi gate-Junagadh,rtsp-live,live
2026-09-27T07:19:38+00:00,GJ06Z2902,GJ-06-2Z902,0.88,truck,cam06,GSRTC,06 Timbavadi gate-Junagadh,rtsp-live,live
2026-09-27T07:19:02+00:00,GJ11DB9063,GJ11D89063,0.99,car,cam06,GSRTC,06 Timbavadi gate-Junagadh,rtsp-live,live
2026-09-27T07:17:56+00:00,GJ18EF6465,GJ18EF6465,0.84,motorcycle,cam06,GSRTC,06 Timbavadi gate-Junagadh,rtsp-live,live
2026-09-27T07:17:50+00:00,GJ11CO2424,GJ11C02424,0.92,motorcycle,cam06,GSRTC,06 Timbavadi gate-Junagadh,rtsp-live,live
2026-09-27T07:17:24+00:00,GJ03KP7434,GJ03KP7434,0.98,motorcycle,cam06,GSRTC,06 Timbavadi gate-Junagadh,rtsp-live,live
2026-09-27T07:17:03+00:00,GJ11BH7685,6J11BH7685,0.80,truck,cam06,GSRTC,06 Timbavadi gate-Junagadh,rtsp-live,live
2026-09-27T07:15:46+00:00,GJ03HB0416,6J03H80416,0.78,car,cam06,GSRTC,06 Timbavadi gate-Junagadh,rtsp-live,live
2026-09-27T07:15:25+00:00,GJ18BL4660,GJ188L4660,0.99,car,cam06,GSRTC,06 Timbavadi gate-Junagadh,rtsp-live,live
2026-09-27T07:13:58+00:00,GJ11CH4401,GJ11CH4401,0.87,car,cam06,GSRTC,06 Timbavadi gate-Junagadh,rtsp-live,live
2026-09-27T07:12:30+00:00,GJ01RS9114,GJ01R59114,0.74,car,cam06,GSRTC,06 Timbavadi gate-Junagadh,rtsp-live,live
2026-09-27T07:09:24+00:00,GJ03KH0407,GJ03KH0407,0.97,truck,cam06,GSRTC,06 Timbavadi gate-Junagadh,rtsp-live,live
2026-09-27T07:08:35+00:00,GJ11OB2886,6J110B2886,0.80,truck,cam06,GSRTC,06 Timbavadi gate-Junagadh,rtsp-live,live
2026-09-25T17:41:06+00:00,GJ11OB2886,6J11082886,0.92,car,cam06,GSRTC,06 Timbavadi gate-Junagadh,rtsp-live,live
2026-09-25T17:40:13+00:00,GJ11,'-GJ11,0.81,car,cam06,GSRTC,06 Timbavadi gate-Junagadh,rtsp-live,live
2026-09-25T17:39:51+00:00,GJ11AS5892,GJ11AS5892,0.93,car,cam06,GSRTC,06 Timbavadi gate-Junagadh,rtsp-live,live
2026-09-25T17:39:29+00:00,GJ32K9819,GJ32 K 9819,0.96,truck,cam06,GSRTC,06 Timbavadi gate-Junagadh,rtsp-live,live
2026-09-25T17:38:40+00:00,GJ11BH2735,GJ118H2735,0.98,car,cam06,GSRTC,06 Timbavadi gate-Junagadh,rtsp-live,live
2026-09-25T17:37:32+00:00,GJ18BB5253,'-GJ18885253,0.92,motorcycle,cam06,GSRTC,06 Timbavadi gate-Junagadh,rtsp-live,live
2026-09-25T17:37:10+00:00,GJ03ME9186,GJ03ME9186,0.92,car,cam06,GSRTC,06 Timbavadi gate-Junagadh,rtsp-live,live
2026-09-25T17:36:07+00:00,GJ03JR1036,GJ03JR1036,0.98,car,cam06,GSRTC,06 Timbavadi gate-Junagadh,rtsp-live,live
2026-09-25T17:35:34+00:00,GJ11CO9625,GJ11C09625,0.92,motorcycle,cam06,GSRTC,06 Timbavadi gate-Junagadh,rtsp-live,live
2026-09-25T17:34:27+00:00,GJ11S7924,GJ11S7924,0.96,truck,cam06,GSRTC,06 Timbavadi gate-Junagadh,rtsp-live,live
2026-09-25T17:33:35+00:00,GJ32AG2883,GJ32AG2883,0.99,motorcycle,cam06,GSRTC,06 Timbavadi gate-Junagadh,rtsp-live,live
2026-09-25T17:32:06+00:00,GJ32AG2883,GJ32AG2883,0.99,motorcycle,cam06,GSRTC,06 Timbavadi gate-Junagadh,rtsp-live,live
2026-09-25T17:31:54+00:00,GJ18X,GJ.18X,0.88,truck,cam06,GSRTC,06 Timbavadi gate-Junagadh,rtsp-live,live
2026-09-25T17:31:28+00:00,GJ37AB9445,GJ37AB9445,0.64,car,cam06,GSRTC,06 Timbavadi gate-Junagadh,rtsp-live,live
2026-09-25T17:30:43+00:00,GJ32K9985,GJ32 K 9985,0.97,car,cam06,GSRTC,06 Timbavadi gate-Junagadh,rtsp-live,live
2026-09-25T17:30:16+00:00,GJ18BR5253,GJ188R5253,0.96,motorcycle,cam06,GSRTC,06 Timbavadi gate-Junagadh,rtsp-live,live
2026-09-25T17:30:16+00:00,GJ19BB5253,GJ19885253,0.86,motorcycle,cam06,GSRTC,06 Timbavadi gate-Junagadh,rtsp-live,live
2026-09-25T17:29:59+00:00,GJ11S9258,GJ11S9258,0.96,motorcycle,cam06,GSRTC,06 Timbavadi gate-Junagadh,rtsp-live,live
2026-09-25T17:29:48+00:00,GJ17G1389,6J1761389,0.77,motorcycle,cam06,GSRTC,06 Timbavadi gate-Junagadh,rtsp-live,live
2026-09-25T17:29:42+00:00,GJ17G1388,GJ1761388,0.77,bus,cam06,GSRTC,06 Timbavadi gate-Junagadh,rtsp-live,live
2026-09-25T17:29:14+00:00,GJ01N5538,GJO1N.5538,0.63,motorcycle,cam06,GSRTC,06 Timbavadi gate-Junagadh,rtsp-live,live
2026-09-25T17:28:56+00:00,GJ03JR1036,GJ03JR1036,0.98,car,cam06,GSRTC,06 Timbavadi gate-Junagadh,rtsp-live,live
2026-09-25T17:28:54+00:00,GJ03MH7800,GJ03MH7800,0.95,truck,cam06,GSRTC,06 Timbavadi gate-Junagadh,rtsp-live,live
2026-09-25T17:28:25+00:00,GJ01HM7952,'-GJ01HM7952,0.94,motorcycle,cam06,GSRTC,06 Timbavadi gate-Junagadh,rtsp-live,live
2026-09-25T17:28:15+00:00,GJ11CO9625,GJ11C09625,0.98,car,cam06,GSRTC,06 Timbavadi gate-Junagadh,rtsp-live,live
2026-09-25T17:27:50+00:00,GJ03FX8807,GJ03FX8807,0.91,motorcycle,cam06,GSRTC,06 Timbavadi gate-Junagadh,rtsp-live,live
2026-09-25T17:27:19+00:00,GJ11S7924,GJ11S7924,0.94,truck,cam06,GSRTC,06 Timbavadi gate-Junagadh,rtsp-live,live
2026-09-25T17:27:00+00:00,GJ23H1546,GJ23H1546,0.99,truck,cam06,GSRTC,06 Timbavadi gate-Junagadh,rtsp-live,live
2026-09-25T17:26:26+00:00,GJ32AG2883,GJ32AG2883,0.99,motorcycle,cam06,GSRTC,06 Timbavadi gate-Junagadh,rtsp-live,live
2026-09-25T17:26:11+00:00,GJ18X,GJ.18X,0.91,truck,cam06,GSRTC,06 Timbavadi gate-Junagadh,rtsp-live,live
2026-09-25T17:24:54+00:00,GJ11S7924,GJ11S7924,0.91,truck,cam06,GSRTC,06 Timbavadi gate-Junagadh,rtsp-live,live
2026-09-25T17:23:20+00:00,GJ03KH9567,GJ03KH9567,0.94,car,cam06,GSRTC,06 Timbavadi gate-Junagadh,rtsp-live,live
2026-09-25T17:23:14+00:00,GJ14Z0902,'-GJ1420902,0.85,bus,cam06,GSRTC,06 Timbavadi gate-Junagadh,rtsp-live,live
2026-09-25T17:23:14+00:00,GJ32AA4126,GJ32AA4126,0.90,car,cam06,GSRTC,06 Timbavadi gate-Junagadh,rtsp-live,live
2026-09-25T17:23:04+00:00,GJ11CO3384,GJ11C03384,0.95,motorcycle,cam06,GSRTC,06 Timbavadi gate-Junagadh,rtsp-live,live
2026-09-25T17:22:31+00:00,GJ11S4318,GJ11S4318,0.94,motorcycle,cam06,GSRTC,06 Timbavadi gate-Junagadh,rtsp-live,live
2026-09-25T17:22:24+00:00,GJ11S4319,6J1154319,0.77,truck,cam06,GSRTC,06 Timbavadi gate-Junagadh,rtsp-live,live
2026-09-25T17:22:24+00:00,GJ11BR2513,GJ11BR2513,0.99,motorcycle,cam06,GSRTC,06 Timbavadi gate-Junagadh,rtsp-live,live
2026-09-25T17:22:24+00:00,GJ11CL8225,6J11CL8225,0.92,car,cam06,GSRTC,06 Timbavadi gate-Junagadh,rtsp-live,live
2026-09-25T17:21:01+00:00,GJ18EF6465,GJ18EF6465,0.99,car,cam06,GSRTC,06 Timbavadi gate-Junagadh,rtsp-live,live
2026-09-25T17:20:39+00:00,GJ03XP7434,GJO3XP7434,0.88,motorcycle,cam06,GSRTC,06 Timbavadi gate-Junagadh,rtsp-live,live
2026-09-25T17:20:20+00:00,GJ11BH7695,GJ118H7695,0.91,motorcycle,cam06,GSRTC,06 Timbavadi gate-Junagadh,rtsp-live,live
2026-09-25T17:19:56+00:00,GJ03JL6983,GJ03JL6983,0.96,motorcycle,cam06,GSRTC,06 Timbavadi gate-Junagadh,rtsp-live,live
2026-09-25T17:19:51+00:00,GJ03JL6883,GJ03JL6883,0.59,car,cam06,GSRTC,06 Timbavadi gate-Junagadh,rtsp-live,live
2026-09-25T17:19:35+00:00,GJ03CE0033,GJ03CE0033,0.59,car,cam06,GSRTC,06 Timbavadi gate-Junagadh,rtsp-live,live
2026-09-25T17:19:33+00:00,GJ18BC9672,GJ188C9672,0.99,motorcycle,cam06,GSRTC,06 Timbavadi gate-Junagadh,rtsp-live,live
2026-09-25T17:19:20+00:00,GJ07VW1963,GJ.07-VW-1963,0.92,motorcycle,cam06,GSRTC,06 Timbavadi gate-Junagadh,rtsp-live,live
2026-09-25T17:19:01+00:00,GJ03HR0416,GJ03HR0416,0.99,motorcycle,cam06,GSRTC,06 Timbavadi gate-Junagadh,rtsp-live,live
2026-09-25T17:18:52+00:00,GJ08I8234,GJ0818234,0.44,truck,cam06,GSRTC,06 Timbavadi gate-Junagadh,rtsp-live,live
2026-09-25T17:02:56+00:00,GJ03EK8807,GJ03EK8807,0.88,car,cam06,GSRTC,06 Timbavadi gate-Junagadh,rtsp-live,live
2026-09-25T17:02:26+00:00,GJ11S7924,GJ11S79Z4,0.93,bus,cam06,GSRTC,06 Timbavadi gate-Junagadh,rtsp-live,live
2026-09-25T17:00:26+00:00,GJ03FX8807,GJ03FX8807,0.91,motorcycle,cam06,GSRTC,06 Timbavadi gate-Junagadh,rtsp-live,live
2026-09-25T16:59:54+00:00,GJ11S7924,6J11S7924,0.94,bus,cam06,GSRTC,06 Timbavadi gate-Junagadh,rtsp-live,live
2026-09-25T16:59:36+00:00,GJ23H1546,GJ23H1546,0.99,truck,cam06,GSRTC,06 Timbavadi gate-Junagadh,rtsp-live,live
2026-09-25T16:59:04+00:00,GJ32AG2883,GJ32AG2883,0.90,motorcycle,cam06,GSRTC,06 Timbavadi gate-Junagadh,rtsp-live,live
2026-09-25T16:58:46+00:00,GJ18X,GJ18X,0.88,truck,cam06,GSRTC,06 Timbavadi gate-Junagadh,rtsp-live,live
2026-09-25T16:57:44+00:00,GJ11S7924,GJ11S7924,0.91,truck,cam06,GSRTC,06 Timbavadi gate-Junagadh,rtsp-live,live
2026-09-25T16:57:25+00:00,GJ23H1546,GJ23H1546,1.00,truck,cam06,GSRTC,06 Timbavadi gate-Junagadh,rtsp-live,live
2026-09-25T16:55:58+00:00,GJ32AG2883,GJ32AG2883,0.96,car,cam06,GSRTC,06 Timbavadi gate-Junagadh,rtsp-live,live
2026-09-25T16:54:28+00:00,GJ11S7924,GJ11S7924,0.97,truck,cam06,GSRTC,06 Timbavadi gate-Junagadh,rtsp-live,live
2026-09-25T16:54:09+00:00,GJ23H1548,6J23H1548,0.78,truck,cam06,GSRTC,06 Timbavadi gate-Junagadh,rtsp-live,live
2026-09-25T16:53:34+00:00,GJ32AG2883,GJ32AG2883,0.99,car,cam06,GSRTC,06 Timbavadi gate-Junagadh,rtsp-live,live
2026-09-25T16:52:50+00:00,GJ19BR3000,GJ19BR3000,0.97,car,cam06,GSRTC,06 Timbavadi gate-Junagadh,rtsp-live,live
2026-09-25T16:52:30+00:00,GJ36AR2906,6J36AR2906,0.94,car,cam06,GSRTC,06 Timbavadi gate-Junagadh,rtsp-live,live
2026-09-25T16:52:25+00:00,GJ11CO7311,GJ11C07311,0.99,bus,cam06,GSRTC,06 Timbavadi gate-Junagadh,rtsp-live,live
2026-09-25T16:52:04+00:00,GJ14,GJ14,0.97,truck,cam06,GSRTC,06 Timbavadi gate-Junagadh,rtsp-live,live
2026-09-25T16:51:52+00:00,GJ11O9597,GJ1109597,0.97,car,cam06,GSRTC,06 Timbavadi gate-Junagadh,rtsp-live,live
2026-09-25T16:51:44+00:00,GJ11CL3557,GJ11CL3557,0.99,truck,cam06,GSRTC,06 Timbavadi gate-Junagadh,rtsp-live,live
2026-09-25T16:51:11+00:00,GJ14Z0902,'-6J1420902,0.94,bus,cam06,GSRTC,06 Timbavadi gate-Junagadh,rtsp-live,live
2026-09-25T16:51:03+00:00,GJ11SZ0902,'-6J115Z0902,0.64,bus,cam06,GSRTC,06 Timbavadi gate-Junagadh,rtsp-live,live
2026-09-25T16:50:51+00:00,GJ11CD3384,GJ11CD3384,0.99,motorcycle,cam06,GSRTC,06 Timbavadi gate-Junagadh,rtsp-live,live
2026-09-25T16:50:05+00:00,GJ11BR2513,GJ118R2513,0.95,car,cam06,GSRTC,06 Timbavadi gate-Junagadh,rtsp-live,live
2026-09-25T16:44:55+00:00,GJ11BR1008,GJ11BR1008,0.97,bus,cam06,GSRTC,06 Timbavadi gate-Junagadh,rtsp-live,live
2026-09-25T16:44:54+00:00,GJ11CH4401,GJ11CH4401,0.85,car,cam06,GSRTC,06 Timbavadi gate-Junagadh,rtsp-live,live
2026-09-25T16:44:36+00:00,GJ03AZ0644,6J03AZ0644,0.97,truck,cam06,GSRTC,06 Timbavadi gate-Junagadh,rtsp-live,live
2026-09-25T16:43:10+00:00,GJ36B4094,6J3684094,0.90,car,cam06,GSRTC,06 Timbavadi gate-Junagadh,rtsp-live,live
2026-09-25T16:41:45+00:00,GJ03PR6082,GJ03PR6082,0.94,car,cam06,GSRTC,06 Timbavadi gate-Junagadh,rtsp-live,live
2026-09-25T16:41:08+00:00,GJ10OM2875,GJ100M2875,0.95,car,cam06,GSRTC,06 Timbavadi gate-Junagadh,rtsp-live,live
2026-09-25T16:40:07+00:00,GJ03ER8216,GJ03ER8216,0.99,car,cam06,GSRTC,06 Timbavadi gate-Junagadh,rtsp-live,live
2026-09-25T16:38:09+00:00,GJ01BS5926,6J01855926,0.89,truck,cam06,GSRTC,06 Timbavadi gate-Junagadh,rtsp-live,live
2026-09-25T16:37:11+00:00,GJ11CO8889,'-GJ11C08889,0.82,car,cam06,GSRTC,06 Timbavadi gate-Junagadh,rtsp-live,live
2026-09-25T16:37:02+00:00,GJ11BH2735,GJ118HZ735,0.94,car,cam06,GSRTC,06 Timbavadi gate-Junagadh,rtsp-live,live
2026-09-25T16:35:35+00:00,GJ03ME9186,GJ03ME9186,0.96,car,cam06,GSRTC,06 Timbavadi gate-Junagadh,rtsp-live,live
2026-09-25T16:35:19+00:00,GJ11G1388,'-6J116'1388,0.83,car,cam06,GSRTC,06 Timbavadi gate-Junagadh,rtsp-live,live
2026-09-25T16:34:31+00:00,GJ03JR1036,GJ03JR1036,0.93,car,cam06,GSRTC,06 Timbavadi gate-Junagadh,rtsp-live,live
2026-09-25T16:33:48+00:00,GJ11CO9625,6J11C09625,0.95,car,cam06,GSRTC,06 Timbavadi gate-Junagadh,rtsp-live,live
2026-09-25T16:32:35+00:00,GJ23H1546,GJ23H1546,0.95,bus,cam06,GSRTC,06 Timbavadi gate-Junagadh,rtsp-live,live
2026-09-25T16:31:46+00:00,GJ18X,GJ.18X,0.94,truck,cam06,GSRTC,06 Timbavadi gate-Junagadh,rtsp-live,live
2026-09-25T16:31:43+00:00,GJ18BL4660,GJ188L4660,0.59,car,cam06,GSRTC,06 Timbavadi gate-Junagadh,rtsp-live,live
2026-09-25T16:16:15+00:00,GJ11CO8831,GJ11C08831,0.99,motorcycle,cam06,GSRTC,06 Timbavadi gate-Junagadh,rtsp-live,live
2026-09-25T16:15:15+00:00,GJ03JR9399,6J03JR9399,0.73,car,cam06,GSRTC,06 Timbavadi gate-Junagadh,rtsp-live,live
2026-09-25T16:15:15+00:00,GJ03JR8399,GJ03JR8399,0.92,motorcycle,cam06,GSRTC,06 Timbavadi gate-Junagadh,rtsp-live,live
2026-09-25T16:14:39+00:00,GJ03AZ0644,GJ03AZ0644,0.97,motorcycle,cam06,GSRTC,06 Timbavadi gate-Junagadh,rtsp-live,live
2026-09-25T16:13:27+00:00,GJ11CH0144,GJ01R59114,0.50,motorcycle,cam06,GSRTC,06 Timbavadi gate-Junagadh,rtsp-live,live
2026-09-25T16:13:07+00:00,GJ35Z4094,6J3524094,0.69,bus,cam06,GSRTC,06 Timbavadi gate-Junagadh,rtsp-live,live
2026-09-25T16:11:54+00:00,GJ32AA2864,GJ32AA2864,1.00,truck,cam06,GSRTC,06 Timbavadi gate-Junagadh,rtsp-live,live
2026-09-25T16:11:44+00:00,GJ03PR6082,GJO3PR6082,0.94,car,cam06,GSRTC,06 Timbavadi gate-Junagadh,rtsp-live,live
2026-09-25T16:11:04+00:00,GJ10ON2875,GJ100N2875,0.97,car,cam06,GSRTC,06 Timbavadi gate-Junagadh,rtsp-live,live
2026-09-25T16:10:45+00:00,GJ11BR0928,GJ11BR0928,0.90,motorcycle,cam06,GSRTC,06 Timbavadi gate-Junagadh,rtsp-live,live
2026-09-25T16:10:16+00:00,GJ15CB2334,GJ03KH0307,0.53,bus,cam06,GSRTC,06 Timbavadi gate-Junagadh,rtsp-live,live
2026-09-25T16:10:16+00:00,GJ03KH0307,GJ03KH0307,0.93,truck,cam06,GSRTC,06 Timbavadi gate-Junagadh,rtsp-live,live
2026-09-25T16:10:10+00:00,GJ11CH3274,'-GJ11CH3274,0.71,car,cam06,GSRTC,06 Timbavadi gate-Junagadh,rtsp-live,live
2026-09-25T16:09:56+00:00,GJ03ER8216,GJ03ER8216,0.99,car,cam06,GSRTC,06 Timbavadi gate-Junagadh,rtsp-live,live
2026-09-25T16:09:27+00:00,GJ02CL3526,6J02CL3526,0.55,motorcycle,cam06,GSRTC,06 Timbavadi gate-Junagadh,rtsp-live,live
2026-09-25T16:08:44+00:00,GJ11BR8190,"""6J118R8190",0.90,motorcycle,cam06,GSRTC,06 Timbavadi gate-Junagadh,rtsp-live,live
2026-09-25T16:08:39+00:00,GJ11CD3491,GJ11CD3491,0.97,motorcycle,cam06,GSRTC,06 Timbavadi gate-Junagadh,rtsp-live,live
2026-09-25T16:08:25+00:00,GJ11AS5892,GJ11AS5892,0.91,motorcycle,cam06,GSRTC,06 Timbavadi gate-Junagadh,rtsp-live,live
2026-09-25T16:08:05+00:00,GJ01RS5926,GJO1RS5926,0.97,car,cam06,GSRTC,06 Timbavadi gate-Junagadh,rtsp-live,live
2026-09-25T16:08:01+00:00,GJ25AA4345,GJ25AA4345,0.99,motorcycle,cam06,GSRTC,06 Timbavadi gate-Junagadh,rtsp-live,live
2026-09-25T16:07:53+00:00,GJ32K9819,GJ32 K 9819,0.94,motorcycle,cam06,GSRTC,06 Timbavadi gate-Junagadh,rtsp-live,live
2026-09-25T16:07:52+00:00,GJ05JF6480,6J05JF6480,0.93,car,cam06,GSRTC,06 Timbavadi gate-Junagadh,rtsp-live,live
2026-09-25T16:06:59+00:00,GJ37IB9445,GJ37189445,0.85,car,cam06,GSRTC,06 Timbavadi gate-Junagadh,rtsp-live,live
2026-09-25T16:06:53+00:00,GJ37AB9445,GJ37A89445,1.00,bus,cam06,GSRTC,06 Timbavadi gate-Junagadh,rtsp-live,live
2026-09-25T16:06:15+00:00,GJ32X9985,GJ32 X 9985,0.90,motorcycle,cam06,GSRTC,06 Timbavadi gate-Junagadh,rtsp-live,live
2026-09-25T16:05:36+00:00,GJ03ME9186,GJ03ME9186,0.91,motorcycle,cam06,GSRTC,06 Timbavadi gate-Junagadh,rtsp-live,live
2026-09-25T16:05:36+00:00,GJ11S9258,GJ11S9258,0.98,motorcycle,cam06,GSRTC,06 Timbavadi gate-Junagadh,rtsp-live,live
2026-09-25T16:05:19+00:00,GJ11G1388,6J1161388,0.86,motorcycle,cam06,GSRTC,06 Timbavadi gate-Junagadh,rtsp-live,live
2026-09-25T16:05:11+00:00,GJ32B2702,GJ32 B 2702,0.89,motorcycle,cam06,GSRTC,06 Timbavadi gate-Junagadh,rtsp-live,live
2026-09-25T16:04:27+00:00,GJ03JR1036,GJ03JR1036,0.95,truck,cam06,GSRTC,06 Timbavadi gate-Junagadh,rtsp-live,live
2026-09-25T16:03:56+00:00,GJ01HM7952,'-GJ01HM7952,0.87,bus,cam06,GSRTC,06 Timbavadi gate-Junagadh,rtsp-live,live
2026-09-25T16:02:50+00:00,GJ11S7924,GJ11S7924,0.99,bus,cam06,GSRTC,06 Timbavadi gate-Junagadh,rtsp-live,live
2026-09-25T16:02:31+00:00,GJ23H1546,GJ23H1546,0.99,car,cam06,GSRTC,06 Timbavadi gate-Junagadh,rtsp-live,live
2026-09-25T16:01:51+00:00,GJ32AG2883,GJ32AG2883,0.95,car,cam06,GSRTC,06 Timbavadi gate-Junagadh,rtsp-live,live
2026-09-25T16:00:47+00:00,GJ11DB0077,GJ11D80077,0.97,truck,cam06,GSRTC,06 Timbavadi gate-Junagadh,rtsp-live,live
2026-09-25T16:00:35+00:00,GJ03ER6223,GJ03ER6223,0.98,motorcycle,cam06,GSRTC,06 Timbavadi gate-Junagadh,rtsp-live,live
2026-09-25T16:00:23+00:00,GJ08DM6074,GJO8DM6074,0.59,car,cam06,GSRTC,06 Timbavadi gate-Junagadh,rtsp-live,live
2026-09-25T16:00:00+00:00,GJ37AB9699,GJ37AB9699,0.84,car,cam06,GSRTC,06 Timbavadi gate-Junagadh,rtsp-live,live
2026-09-25T15:59:56+00:00,GJ36AC9613,GJ36AC9613,0.69,car,cam06,GSRTC,06 Timbavadi gate-Junagadh,rtsp-live,live
2026-09-25T15:59:52+00:00,GJ03PD3581,GJ03PD3581,0.98,motorcycle,cam06,GSRTC,06 Timbavadi gate-Junagadh,rtsp-live,live
2026-09-25T15:59:33+00:00,GJ16CN0490,GJ16CN0490,0.99,bus,cam06,GSRTC,06 Timbavadi gate-Junagadh,rtsp-live,live
2026-09-25T15:59:18+00:00,GJ18ZT3514,GJ18ZT3514,0.84,motorcycle,cam06,GSRTC,06 Timbavadi gate-Junagadh,rtsp-live,live
2026-09-25T15:59:02+00:00,GJ11DB3037,GJ11D83037,0.85,car,cam06,GSRTC,06 Timbavadi gate-Junagadh,rtsp-live,live
2026-09-25T15:58:44+00:00,GJ11CL3616,GJ11CL3616,1.00,motorcycle,cam06,GSRTC,06 Timbavadi gate-Junagadh,rtsp-live,live
2026-09-25T15:57:49+00:00,GJ11AS5583,GJ11AS5583,0.93,truck,cam06,GSRTC,06 Timbavadi gate-Junagadh,rtsp-live,live
2026-09-25T15:57:26+00:00,GJ11YY4576,'-GJ11YY4576,0.92,bus,cam06,GSRTC,06 Timbavadi gate-Junagadh,rtsp-live,live
2026-09-25T15:55:04+00:00,GJ03CR6015,GJ03CR6015,0.93,truck,cam06,GSRTC,06 Timbavadi gate-Junagadh,rtsp-live,live
2026-09-25T15:54:25+00:00,GJ32AA4920,GJ32AA4920,0.93,truck,cam06,GSRTC,06 Timbavadi gate-Junagadh,rtsp-live,live
2026-09-25T15:54:04+00:00,GJ32B1292,GJ3281292,0.97,car,cam06,GSRTC,06 Timbavadi gate-Junagadh,rtsp-live,live
2026-09-25T15:52:44+00:00,GJ11CL9573,GJ11CL9573,0.99,car,cam06,GSRTC,06 Timbavadi gate-Junagadh,rtsp-live,live
2026-09-25T15:52:36+00:00,GJ11CO9545,GJ11C09545,0.98,car,cam06,GSRTC,06 Timbavadi gate-Junagadh,rtsp-live,live
2026-09-25T15:52:23+00:00,GJ11CO9982,'-GJ11C09982,0.95,motorcycle,cam06,GSRTC,06 Timbavadi gate-Junagadh,rtsp-live,live
2026-09-25T15:52:14+00:00,GJ18GA2796,'-GJ186A2796,0.86,motorcycle,cam06,GSRTC,06 Timbavadi gate-Junagadh,rtsp-live,live
2026-09-25T15:52:10+00:00,GJ18GI2795,'-6J18612795,0.88,motorcycle,cam06,GSRTC,06 Timbavadi gate-Junagadh,rtsp-live,live
2026-09-25T15:51:50+00:00,GJ01RY1441,GJ01RY1441,0.94,car,cam06,GSRTC,06 Timbavadi gate-Junagadh,rtsp-live,live
2026-09-25T15:51:42+00:00,GJ01HZ7877,GJ01HZ7877,0.90,motorcycle,cam06,GSRTC,06 Timbavadi gate-Junagadh,rtsp-live,live
2026-09-25T15:51:26+00:00,GJ31N2518,GJ31 N 2518,0.82,car,cam06,GSRTC,06 Timbavadi gate-Junagadh,rtsp-live,live
2026-09-25T15:50:57+00:00,GJ11OB3586,6J11083586,0.92,motorcycle,cam06,GSRTC,06 Timbavadi gate-Junagadh,rtsp-live,live
2026-09-25T15:50:42+00:00,GJ11X2031,GJI1X2031,0.78,motorcycle,cam06,GSRTC,06 Timbavadi gate-Junagadh,rtsp-live,live
2026-09-25T15:50:37+00:00,GJ11G1678,GJ116 1678,0.75,motorcycle,cam06,GSRTC,06 Timbavadi gate-Junagadh,rtsp-live,live
2026-09-25T15:50:17+00:00,GJ18GB7041,GJ18G87041,0.84,truck,cam06,GSRTC,06 Timbavadi gate-Junagadh,rtsp-live,live
2026-09-25T15:50:06+00:00,GJ11CD0072,GJ11CD0072,0.97,car,cam06,GSRTC,06 Timbavadi gate-Junagadh,rtsp-live,live
2026-09-25T15:49:56+00:00,GJ16BG6039,GJ16BG6039,1.00,truck,cam06,GSRTC,06 Timbavadi gate-Junagadh,rtsp-live,live
2026-09-25T15:49:42+00:00,GJ03X6573,GJ03X6573,0.88,motorcycle,cam06,GSRTC,06 Timbavadi gate-Junagadh,rtsp-live,live
2026-09-25T15:49:35+00:00,GJ03MH9657,GJO3MH9657,0.93,car,cam06,GSRTC,06 Timbavadi gate-Junagadh,rtsp-live,live
2026-09-25T15:49:35+00:00,GJ11YY9957,GJ11YY9957,0.94,car,cam06,GSRTC,06 Timbavadi gate-Junagadh,rtsp-live,live
2026-09-25T15:49:19+00:00,GJ19BR3000,GJ19BR3000,1.00,truck,cam06,GSRTC,06 Timbavadi gate-Junagadh,rtsp-live,live
2026-09-25T15:49:10+00:00,GJ36AR2906,GJ36AR2906,0.99,motorcycle,cam06,GSRTC,06 Timbavadi gate-Junagadh,rtsp-live,live
2026-09-25T15:49:06+00:00,GJ11CO7311,GJ11C07311,0.99,motorcycle,cam06,GSRTC,06 Timbavadi gate-Junagadh,rtsp-live,live
2026-09-25T15:48:39+00:00,GJ14,GJ14,0.94,truck,cam06,GSRTC,06 Timbavadi gate-Junagadh,rtsp-live,live
2026-09-25T15:31:45+00:00,GJ03JC5583,GJ03JC5583,0.94,car,cam06,GSRTC,06 Timbavadi gate-Junagadh,rtsp-live,live
2026-09-25T15:29:29+00:00,GJ11S7924,GJ11S7924,0.98,truck,cam06,GSRTC,06 Timbavadi gate-Junagadh,rtsp-live,live
2026-09-25T15:29:11+00:00,GJ23H1546,GJ23H1546.,0.95,car,cam06,GSRTC,06 Timbavadi gate-Junagadh,rtsp-live,live
2026-09-25T15:27:10+00:00,GJ18ZT1782,GJ18ZT1782,1.00,bus,cam06,GSRTC,06 Timbavadi gate-Junagadh,rtsp-live,live
2026-09-25T15:24:53+00:00,GJ01RS9114,G.J01RS9114,0.93,car,cam06,GSRTC,06 Timbavadi gate-Junagadh,rtsp-live,live
2026-09-25T15:22:38+00:00,GJ10ON2875,GJ100N2875,0.94,car,cam06,GSRTC,06 Timbavadi gate-Junagadh,rtsp-live,live
2026-09-25T15:21:55+00:00,GJ11BR8190,GJ11BR8190,0.94,car,cam06,GSRTC,06 Timbavadi gate-Junagadh,rtsp-live,live
2026-09-25T15:18:34+00:00,GJ11BH2735,GJ11BH2735,0.96,car,cam06,GSRTC,06 Timbavadi gate-Junagadh,rtsp-live,live
2026-09-25T15:11:27+00:00,GJ11YY0454,'-GJ11YY0454,0.78,bus,cam06,GSRTC,06 Timbavadi gate-Junagadh,rtsp-live,live
2026-09-25T15:11:13+00:00,GJ11DB2783,GJ11D82783,0.95,car,cam06,GSRTC,06 Timbavadi gate-Junagadh,rtsp-live,live
2026-09-25T15:07:33+00:00,GJ11BR4400,GJ118R4400,0.87,car,cam06,GSRTC,06 Timbavadi gate-Junagadh,rtsp-live,live
2026-09-25T15:04:45+00:00,GJ03CR601,'-GJ03CR601,0.92,truck,cam06,GSRTC,06 Timbavadi gate-Junagadh,rtsp-live,live
2026-09-25T15:03:32+00:00,GJ18ZT1284,GJ18ZT1284,1.00,bus,cam06,GSRTC,06 Timbavadi gate-Junagadh,rtsp-live,live
2026-09-25T12:15:05+00:00,GJ03JR1036,GJ03JR1036,0.92,car,cam06,GSRTC,06 Timbavadi gate-Junagadh,rtsp-live,live
2026-09-25T12:14:35+00:00,GJ01HM7952,'-GJ01HM7952,0.88,truck,cam06,GSRTC,06 Timbavadi gate-Junagadh,rtsp-live,live
2026-09-25T12:11:02+00:00,GJ11CH0340,'-GJ11CH0340,0.97,car,cam06,GSRTC,06 Timbavadi gate-Junagadh,rtsp-live,live
2026-09-25T12:10:41+00:00,GJ10CG4786,GJ1OCG4786,0.96,car,cam06,GSRTC,06 Timbavadi gate-Junagadh,rtsp-live,live
2026-09-25T12:10:41+00:00,GJ36B4094,6J3684094,0.88,car,cam06,GSRTC,06 Timbavadi gate-Junagadh,rtsp-live,live
2026-09-25T12:08:09+00:00,GJ11BR0928,'-GJ118R0928,0.93,car,cam06,GSRTC,06 Timbavadi gate-Junagadh,rtsp-live,live
2026-09-25T12:07:53+00:00,GJ11CH3234,GJ11VV7338,0.63,truck,cam06,GSRTC,06 Timbavadi gate-Junagadh,rtsp-live,live
2026-09-25T12:07:38+00:00,GJ03ER8216,GJ03ER8216,0.99,car,cam06,GSRTC,06 Timbavadi gate-Junagadh,rtsp-live,live
2026-09-25T12:06:14+00:00,GJ27AA0401,GJ27AA0401,0.95,car,cam06,GSRTC,06 Timbavadi gate-Junagadh,rtsp-live,live
2026-09-25T12:06:14+00:00,GJ11CD3491,GJ11CD3491,0.95,motorcycle,cam06,GSRTC,06 Timbavadi gate-Junagadh,rtsp-live,live
2026-09-25T12:05:52+00:00,GJ11AS5892,GJ11AS5892,0.99,car,cam06,GSRTC,06 Timbavadi gate-Junagadh,rtsp-live,live
2026-09-25T12:05:42+00:00,GJ01RS5926,GJ01RS5926,0.88,car,cam06,GSRTC,06 Timbavadi gate-Junagadh,rtsp-live,live
2026-09-25T12:05:26+00:00,GJ32K9819,GJ32 K 9819,0.98,car,cam06,GSRTC,06 Timbavadi gate-Junagadh,rtsp-live,live
2026-09-25T12:04:35+00:00,GJ37AB9445,GJ37A89445,0.95,bus,cam06,GSRTC,06 Timbavadi gate-Junagadh,rtsp-live,live
2026-09-25T12:03:23+00:00,GJ19BR5253,GJ198R5253,0.94,motorcycle,cam06,GSRTC,06 Timbavadi gate-Junagadh,rtsp-live,live
2026-09-25T12:03:11+00:00,GJ11BHO117,GJ11BHO117,0.57,car,cam06,GSRTC,06 Timbavadi gate-Junagadh,rtsp-live,live
2026-09-25T12:03:00+00:00,GJ11S9258,GJ11S9258,0.97,car,cam06,GSRTC,06 Timbavadi gate-Junagadh,rtsp-live,live
2026-09-25T12:02:51+00:00,GJ11G1388,GJ1161388,0.95,car,cam06,GSRTC,06 Timbavadi gate-Junagadh,rtsp-live,live
2026-09-25T12:01:33+00:00,GJ01HM7952,GJ01HM7952,0.96,bus,cam06,GSRTC,06 Timbavadi gate-Junagadh,rtsp-live,live
2026-09-25T12:00:31+00:00,GJ11S7924,GJ11S7924,0.98,motorcycle,cam06,GSRTC,06 Timbavadi gate-Junagadh,rtsp-live,live
2026-09-25T11:59:20+00:00,GJ18X,GJ.18.X,0.90,truck,cam06,GSRTC,06 Timbavadi gate-Junagadh,rtsp-live,live
2026-09-25T11:59:04+00:00,GJ11S7924,GJ11S7924,0.97,bus,cam06,GSRTC,06 Timbavadi gate-Junagadh,rtsp-live,live
2026-09-25T11:58:11+00:00,GJ32AG2883,GJ32AG2883,0.99,motorcycle,cam06,GSRTC,06 Timbavadi gate-Junagadh,rtsp-live,live
2026-09-25T11:57:46+00:00,GJ03MH7800,GJ03MH7800,0.95,car,cam06,GSRTC,06 Timbavadi gate-Junagadh,rtsp-live,live
2026-09-25T11:56:45+00:00,GJ11CG9625,GJ11C69625,0.85,car,cam06,GSRTC,06 Timbavadi gate-Junagadh,rtsp-live,live
2026-09-25T11:56:17+00:00,GJ03EK8807,GJ03EK8807,0.88,car,cam06,GSRTC,06 Timbavadi gate-Junagadh,rtsp-live,live
2026-09-25T11:55:44+00:00,GJ11S7924,GJ11S7924,0.98,truck,cam06,GSRTC,06 Timbavadi gate-Junagadh,rtsp-live,live
2026-09-25T11:55:28+00:00,GJ23H1546,6J23H1546,0.97,truck,cam06,GSRTC,06 Timbavadi gate-Junagadh,rtsp-live,live
2026-09-25T11:54:52+00:00,GJ32AG2883,GJ32AG2883,0.96,motorcycle,cam06,GSRTC,06 Timbavadi gate-Junagadh,rtsp-live,live
2026-09-25T11:53:18+00:00,GJ03BY8234,GJ038Y8234,0.96,truck,cam06,GSRTC,06 Timbavadi gate-Junagadh,rtsp-live,live
2026-09-25T11:52:26+00:00,GJ21AA1001,GJ21AA1001,0.91,car,cam06,GSRTC,06 Timbavadi gate-Junagadh,rtsp-live,live
2026-09-25T11:50:09+00:00,GJ01RS9114,GJ01RS9114,0.93,motorcycle,cam06,GSRTC,06 Timbavadi gate-Junagadh,rtsp-live,live
2026-09-25T11:47:50+00:00,GJ10ON2875,'-GJ100N2875,0.95,car,cam06,GSRTC,06 Timbavadi gate-Junagadh,rtsp-live,live
2026-09-25T11:47:00+00:00,GJ03XH0407,GJO3XH0407,0.92,bus,cam06,GSRTC,06 Timbavadi gate-Junagadh,rtsp-live,live
2026-09-25T11:46:39+00:00,GJ03ER8216,GJ03ER8216,0.94,bus,cam06,GSRTC,06 Timbavadi gate-Junagadh,rtsp-live,live
2026-09-25T11:45:13+00:00,GJ11BR8190,6J118R8190,0.93,car,cam06,GSRTC,06 Timbavadi gate-Junagadh,rtsp-live,live
2026-09-25T11:44:54+00:00,GJ11AS5892,GJ11AS5892,0.96,car,cam06,GSRTC,06 Timbavadi gate-Junagadh,rtsp-live,live
2026-09-25T11:27:18+00:00,GJ03IC5583,GJ03.1C5583,0.92,car,cam06,GSRTC,06 Timbavadi gate-Junagadh,rtsp-live,live
2026-09-25T11:25:21+00:00,GJ11CO9625,GJ11C09625,0.95,car,cam06,GSRTC,06 Timbavadi gate-Junagadh,rtsp-live,live
2026-09-25T11:24:59+00:00,GJ03EK8807,GJ03EK8807,0.83,car,cam06,GSRTC,06 Timbavadi gate-Junagadh,rtsp-live,live
2026-09-25T11:24:33+00:00,GJ11S7924,GJ11S7924,0.99,motorcycle,cam06,GSRTC,06 Timbavadi gate-Junagadh,rtsp-live,live
2026-09-25T11:22:36+00:00,GJ32AG2883,GJ32AG2883,0.97,motorcycle,cam06,GSRTC,06 Timbavadi gate-Junagadh,rtsp-live,live
2026-09-25T11:22:19+00:00,GJ18X,GJ.18X,0.95,truck,cam06,GSRTC,06 Timbavadi gate-Junagadh,rtsp-live,live
2026-09-25T11:21:44+00:00,GJ11CO9625,GJ11C09625,0.96,car,cam06,GSRTC,06 Timbavadi gate-Junagadh,rtsp-live,live
2026-09-25T11:20:50+00:00,GJ11S7924,'-6J11S7924,0.91,motorcycle,cam06,GSRTC,06 Timbavadi gate-Junagadh,rtsp-live,live
2026-09-25T11:20:30+00:00,GJ23H1546,GJ23H1546,0.96,motorcycle,cam06,GSRTC,06 Timbavadi gate-Junagadh,rtsp-live,live
2026-09-25T11:18:20+00:00,GJ11Z5132,GJ1125132,0.74,truck,cam06,GSRTC,06 Timbavadi gate-Junagadh,rtsp-live,live
2026-09-25T11:18:20+00:00,GJ14ZI0902,'-6J14Z10902,0.84,bus,cam06,GSRTC,06 Timbavadi gate-Junagadh,rtsp-live,live
2026-09-25T11:18:05+00:00,GJ11CO3384,GJ11C03384,0.82,car,cam06,GSRTC,06 Timbavadi gate-Junagadh,rtsp-live,live
2026-09-25T11:17:24+00:00,GJ11CL8225,GJ11CL8225,0.96,car,cam06,GSRTC,06 Timbavadi gate-Junagadh,rtsp-live,live
2026-09-25T11:17:24+00:00,GJ11BR2513,GJ11BR2513,0.99,car,cam06,GSRTC,06 Timbavadi gate-Junagadh,rtsp-live,live
2026-09-25T11:17:24+00:00,GJ11BR2519,GJ118R2519,0.93,motorcycle,cam06,GSRTC,06 Timbavadi gate-Junagadh,rtsp-live,live
2026-09-25T11:14:57+00:00,GJ03JL6883,GJ03JL6883,0.98,motorcycle,cam06,GSRTC,06 Timbavadi gate-Junagadh,rtsp-live,live
2026-09-25T11:13:49+00:00,GJ01A81234,GJ01A81234,0.88,car,cam09,Police,09 new-bypass-near-by-circle-junagadh-2,demo,demo
2026-09-25T11:07:49+00:00,GJ01AB1234,GJ01AB1234,0.96,car,cam09,Police,09 new-bypass-near-by-circle-junagadh-2,demo,demo
2026-09-25T10:59:49+00:00,GJ01AB1234,GJ01AB1234,0.96,car,cam10,Municipal,10 char-chowk-road-2-junagadh,demo,demo
2026-09-25T10:52:49+00:00,GJ01AB1234,GJ01AB1234,0.96,car,cam06,GSRTC,06 Timbavadi gate-Junagadh,demo,demo
2026-09-25T10:49:49+00:00,GJ01KT4821,GJ01KT4821,0.82,car,cam06,GSRTC,06 Timbavadi gate-Junagadh,demo,demo
2026-09-25T10:46:49+00:00,GJ03RV9034,GJ03RV9034,0.83,truck,cam06,GSRTC,06 Timbavadi gate-Junagadh,demo,demo
2026-09-25T10:43:49+00:00,GJ11DN7745,GJ11DN7745,0.84,car,cam06,GSRTC,06 Timbavadi gate-Junagadh,demo,demo
2026-09-25T10:40:49+00:00,GJ05PW3390,GJ05PW3390,0.85,motorcycle,cam06,GSRTC,06 Timbavadi gate-Junagadh,demo,demo
2026-09-25T10:37:49+00:00,GJ18HM6017,GJ18HM6017,0.86,bus,cam06,GSRTC,06 Timbavadi gate-Junagadh,demo,demo
2026-09-25T10:34:49+00:00,GJ02TR8852,GJ02TR8852,0.87,car,cam06,GSRTC,06 Timbavadi gate-Junagadh,demo,demo
2026-09-25T10:31:49+00:00,GJ25VK1409,GJ25VK1409,0.88,car,cam06,GSRTC,06 Timbavadi gate-Junagadh,demo,demo
2026-09-25T10:28:49+00:00,GJ04MN7263,GJ04MN7263,0.89,truck,cam10,Municipal,10 char-chowk-road-2-junagadh,demo,demo
2026-09-25T10:25:49+00:00,GJ09RA5528,GJ09RA5528,0.90,car,cam10,Municipal,10 char-chowk-road-2-junagadh,demo,demo
2026-09-25T10:22:49+00:00,GJ15KP9944,GJ15KP9944,0.91,car,cam10,Municipal,10 char-chowk-road-2-junagadh,demo,demo
2026-09-25T10:19:49+00:00,GJ22TR4076,GJ22TR4076,0.92,motorcycle,cam10,Municipal,10 char-chowk-road-2-junagadh,demo,demo
2026-09-25T10:16:49+00:00,GJ07DN1385,GJ07DN1385,0.93,car,cam10,Municipal,10 char-chowk-road-2-junagadh,demo,demo
2026-09-25T10:13:49+00:00,GJ28HM7621,GJ28HM7621,0.94,bus,cam10,Municipal,10 char-chowk-road-2-junagadh,demo,demo
2026-09-25T10:10:49+00:00,GJ10RV3849,GJ10RV3849,0.95,car,cam09,Police,09 new-bypass-near-by-circle-junagadh-2,demo,demo
2026-09-25T10:07:49+00:00,GJ17KT6690,GJ17KT6690,0.96,car,cam09,Police,09 new-bypass-near-by-circle-junagadh-2,demo,demo
2026-09-25T10:04:49+00:00,GJ20PW2277,GJ20PW2277,0.82,truck,cam09,Police,09 new-bypass-near-by-circle-junagadh-2,demo,demo
2026-09-25T10:01:49+00:00,GJ25MN8104,GJ25MN8104,0.83,car,cam09,Police,09 new-bypass-near-by-circle-junagadh-2,demo,demo
2026-09-25T10:00:31+00:00,GJ03LG9655,6J03L69655,0.81,car,cam06,GSRTC,06 Timbavadi gate-Junagadh,rtsp-live,live
2026-09-25T10:00:16+00:00,GJ03AZ0644,GJ03AZ0644,0.97,bus,cam06,GSRTC,06 Timbavadi gate-Junagadh,rtsp-live,live
2026-09-25T09:58:49+00:00,GJ13RA4433,GJ13RA4433,0.84,motorcycle,cam09,Police,09 new-bypass-near-by-circle-junagadh-2,demo,demo
2026-09-25T09:57:35+00:00,GJ32AA2864,GJ32AA2864,0.99,truck,cam06,GSRTC,06 Timbavadi gate-Junagadh,rtsp-live,live
2026-09-25T09:57:24+00:00,GJ03PR5082,GJ03PR5082,0.95,car,cam06,GSRTC,06 Timbavadi gate-Junagadh,rtsp-live,live
2026-09-25T09:55:59+00:00,GJ03KH0407,GJ03KH0407,0.97,bus,cam06,GSRTC,06 Timbavadi gate-Junagadh,rtsp-live,live
2026-09-25T09:55:49+00:00,GJ06VK9752,GJ06VK9752,0.85,car,cam09,Police,09 new-bypass-near-by-circle-junagadh-2,demo,demo
2026-09-25T09:55:49+00:00,GJ15EB2934,6J15E82934,0.88,car,cam06,GSRTC,06 Timbavadi gate-Junagadh,rtsp-live,live
2026-09-25T09:55:05+00:00,GJ11OB2886,6J11082886,0.86,car,cam06,GSRTC,06 Timbavadi gate-Junagadh,rtsp-live,live
2026-09-25T09:53:42+00:00,GJ25AA4345,'-GJ25AA4345,0.98,bus,cam06,GSRTC,06 Timbavadi gate-Junagadh,rtsp-live,live
2026-09-25T09:53:34+00:00,GJ05JF6480,6J05JF6480,0.97,car,cam06,GSRTC,06 Timbavadi gate-Junagadh,rtsp-live,live
2026-09-25T09:52:49+00:00,GJ23KP5518,GJ23KP5518,0.86,car,cam09,Police,09 new-bypass-near-by-circle-junagadh-2,demo,demo
2026-09-25T09:51:53+00:00,GJ32K9995,6J32K9995,0.78,truck,cam06,GSRTC,06 Timbavadi gate-Junagadh,rtsp-live,live
2026-09-25T09:50:56+00:00,GJ11G1388,6J1161388,0.87,car,cam06,GSRTC,06 Timbavadi gate-Junagadh,rtsp-live,live
2026-09-25T09:50:49+00:00,GJ03JC5583,GJ03JC5583,0.96,car,cam06,GSRTC,06 Timbavadi gate-Junagadh,rtsp-live,live
2026-09-25T09:50:14+00:00,GJ03JR1036,GJ03JR1036,0.91,motorcycle,cam06,GSRTC,06 Timbavadi gate-Junagadh,rtsp-live,live
2026-09-25T09:49:32+00:00,GJ11CO3625,GJ11C03625,0.92,motorcycle,cam06,GSRTC,06 Timbavadi gate-Junagadh,rtsp-live,live
2026-09-25T09:49:00+00:00,GJ03EX8807,GJ03EX8807,0.94,car,cam06,GSRTC,06 Timbavadi gate-Junagadh,rtsp-live,live
2026-09-25T09:31:31+00:00,GJ11CO8833,GJ11C08833,0.82,bus,cam06,GSRTC,06 Timbavadi gate-Junagadh,rtsp-live,live
2026-09-25T09:31:00+00:00,GJ18ZT1782,GJ18ZT1782,1.00,bus,cam06,GSRTC,06 Timbavadi gate-Junagadh,rtsp-live,live
2026-09-25T09:30:07+00:00,GJ11BR1008,GJ11BR1008,0.96,truck,cam06,GSRTC,06 Timbavadi gate-Junagadh,rtsp-live,live
2026-09-25T09:29:38+00:00,GJ01KN1659,'-GJ01KN1659,0.82,car,cam06,GSRTC,06 Timbavadi gate-Junagadh,rtsp-live,live
2026-09-25T09:28:29+00:00,GJ36R4094,GJ36R4094,1.00,truck,cam06,GSRTC,06 Timbavadi gate-Junagadh,rtsp-live,live
2026-09-25T09:26:28+00:00,GJ10DN2875,GJ10DN2875,0.99,car,cam06,GSRTC,06 Timbavadi gate-Junagadh,rtsp-live,live
2026-09-25T09:25:33+00:00,GJ11VV7338,GJ11VV7338,0.96,truck,cam06,GSRTC,06 Timbavadi gate-Junagadh,rtsp-live,live
2026-09-25T09:25:20+00:00,GJ03ER8216,GJ03ER8216,0.99,car,cam06,GSRTC,06 Timbavadi gate-Junagadh,rtsp-live,live
2026-09-25T09:24:43+00:00,GJ11DB2886,GJ11DB2886,0.99,car,cam06,GSRTC,06 Timbavadi gate-Junagadh,rtsp-live,live
2026-09-25T09:23:25+00:00,GJ01BS5926,6J01855926,0.86,car,cam06,GSRTC,06 Timbavadi gate-Junagadh,rtsp-live,live
2026-09-25T09:22:29+00:00,GJ11CO8889,GJ11C08889,0.82,car,cam06,GSRTC,06 Timbavadi gate-Junagadh,rtsp-live,live
2026-09-25T09:22:17+00:00,GJ37AB9445,GJ37AB9445,0.95,truck,cam06,GSRTC,06 Timbavadi gate-Junagadh,rtsp-live,live
2026-09-25T09:18:10+00:00,GJ11S7924,GJ1157924,0.87,truck,cam06,GSRTC,06 Timbavadi gate-Junagadh,rtsp-live,live
2026-09-25T09:17:19+00:00,GJ32AG2883,GJ32AG2883,0.96,motorcycle,cam06,GSRTC,06 Timbavadi gate-Junagadh,rtsp-live,live
2026-09-25T09:15:59+00:00,GJ03MH7800,GJ03MH7800,0.95,car,cam06,GSRTC,06 Timbavadi gate-Junagadh,rtsp-live,live
2026-09-25T09:15:33+00:00,GJ01HM7952,'-6J01HM7952,0.88,car,cam06,GSRTC,06 Timbavadi gate-Junagadh,rtsp-live,live
2026-09-25T09:14:26+00:00,GJ11S7924,GJ1157924,0.84,truck,cam06,GSRTC,06 Timbavadi gate-Junagadh,rtsp-live,live
2026-09-25T09:13:35+00:00,GJ11CO3525,GJ11C03525,0.82,car,cam06,GSRTC,06 Timbavadi gate-Junagadh,rtsp-live,live
2026-09-25T08:56:11+00:00,GJ11CH0340,GJ11CH0340,0.98,motorcycle,cam06,GSRTC,06 Timbavadi gate-Junagadh,rtsp-live,live
2026-09-25T08:53:13+00:00,GJ03XH0407,GJO3XH0407,0.89,truck,cam06,GSRTC,06 Timbavadi gate-Junagadh,rtsp-live,live
2026-09-25T08:52:53+00:00,GJ03ER8216,GJ03ER8216,0.98,car,cam06,GSRTC,06 Timbavadi gate-Junagadh,rtsp-live,live
2026-09-25T08:51:20+00:00,GJ11BR8190,6J118R8190,0.93,car,cam06,GSRTC,06 Timbavadi gate-Junagadh,rtsp-live,live
2026-09-25T08:50:42+00:00,GJ05JF6480,6.J05JF6480,0.91,car,cam06,GSRTC,06 Timbavadi gate-Junagadh,rtsp-live,live
2026-09-25T08:49:06+00:00,GJ32K9985,6J32K9985,0.88,truck,cam06,GSRTC,06 Timbavadi gate-Junagadh,rtsp-live,live
2026-09-25T08:48:20+00:00,GJ03ME9186,GJ03ME9186,0.95,car,cam06,GSRTC,06 Timbavadi gate-Junagadh,rtsp-live,live
2026-09-25T08:47:57+00:00,GJ03JC5583,GJ03JC5583,0.94,car,cam06,GSRTC,06 Timbavadi gate-Junagadh,rtsp-live,live
2026-09-25T08:47:19+00:00,GJ03MH7800,GJ03MH7800,0.95,car,cam06,GSRTC,06 Timbavadi gate-Junagadh,rtsp-live,live
2026-09-25T08:44:51+00:00,GJ32AG2883,GJ32AG2883,0.97,motorcycle,cam06,GSRTC,06 Timbavadi gate-Junagadh,rtsp-live,live
2026-09-25T08:43:02+00:00,GJ18BR5253,GJ18BR5253,0.87,car,cam06,GSRTC,06 Timbavadi gate-Junagadh,rtsp-live,live
2026-09-25T08:42:44+00:00,GJ11S9258,GJ11S9258,0.94,bus,cam06,GSRTC,06 Timbavadi gate-Junagadh,rtsp-live,live
2026-09-25T08:42:30+00:00,GJ11G1388,GJ11 6'1388,0.90,car,cam06,GSRTC,06 Timbavadi gate-Junagadh,rtsp-live,live
2026-09-25T08:41:45+00:00,GJ03MH7800,GJ03MH7800,0.96,car,cam06,GSRTC,06 Timbavadi gate-Junagadh,rtsp-live,live
2026-09-25T08:41:44+00:00,GJ03JR1036,GJ03JR1036,0.96,car,cam06,GSRTC,06 Timbavadi gate-Junagadh,rtsp-live,live
2026-09-25T08:41:14+00:00,GJ01HM7952,GJ01HM7952,0.96,truck,cam06,GSRTC,06 Timbavadi gate-Junagadh,rtsp-live,live
2026-09-25T08:41:04+00:00,GJ11CO9625,GJ11C09625,0.93,car,cam06,GSRTC,06 Timbavadi gate-Junagadh,rtsp-live,live
2026-09-25T08:41:04+00:00,GJ11CO9525,GJ11C09525,0.82,motorcycle,cam06,GSRTC,06 Timbavadi gate-Junagadh,rtsp-live,live
2026-09-25T08:40:11+00:00,GJ11S7924,GJ11S7924,0.88,motorcycle,cam06,GSRTC,06 Timbavadi gate-Junagadh,rtsp-live,live
2026-09-25T08:39:45+00:00,GJ23H1546,GJ23H1546,0.94,car,cam06,GSRTC,06 Timbavadi gate-Junagadh,rtsp-live,live
2026-09-25T08:39:45+00:00,GJ23H1548,6J23H1548,0.78,truck,cam06,GSRTC,06 Timbavadi gate-Junagadh,rtsp-live,live
2026-09-25T08:37:30+00:00,GJ11S7924,GJ11S7924,0.96,truck,cam06,GSRTC,06 Timbavadi gate-Junagadh,rtsp-live,live
2026-09-25T08:36:15+00:00,GJ18X,GJ.18.X,0.88,truck,cam06,GSRTC,06 Timbavadi gate-Junagadh,rtsp-live,live
2026-09-25T08:34:38+00:00,GJ18X,GJ.18.X,0.99,motorcycle,cam06,GSRTC,06 Timbavadi gate-Junagadh,rtsp-live,live
2026-09-25T08:33:18+00:00,GJ14Z0902,6J14Z0902,0.72,bus,cam06,GSRTC,06 Timbavadi gate-Junagadh,rtsp-live,live
2026-09-25T08:33:08+00:00,GJ11Z8182,GJ.11.Z.8182,0.93,motorcycle,cam06,GSRTC,06 Timbavadi gate-Junagadh,rtsp-live,live
2026-09-25T08:32:55+00:00,GJ11CO3384,GJ11C03384,0.75,bus,cam06,GSRTC,06 Timbavadi gate-Junagadh,rtsp-live,live
2026-09-25T08:32:09+00:00,GJ11S4318,GJ11S4318,0.99,car,cam06,GSRTC,06 Timbavadi gate-Junagadh,rtsp-live,live
2026-09-25T08:32:06+00:00,GJ11BR2513,GJ11BR2513,0.98,truck,cam06,GSRTC,06 Timbavadi gate-Junagadh,rtsp-live,live
2026-09-25T08:31:55+00:00,GJ11DB9063,GJ11DB9063,0.99,car,cam06,GSRTC,06 Timbavadi gate-Junagadh,rtsp-live,live
2026-09-25T08:30:08+00:00,GJ03KP7434,GJ03KP7434,0.94,truck,cam06,GSRTC,06 Timbavadi gate-Junagadh,rtsp-live,live
2026-09-25T08:29:29+00:00,GJ03JL6883,GJ03JL6883,0.93,car,cam06,GSRTC,06 Timbavadi gate-Junagadh,rtsp-live,live
2026-09-25T08:29:12+00:00,GJ03CE0033,'-GJ03CE0033,0.56,car,cam06,GSRTC,06 Timbavadi gate-Junagadh,rtsp-live,live
2026-09-25T08:28:39+00:00,GJ03BY8234,GJ03BY8234,0.94,car,cam06,GSRTC,06 Timbavadi gate-Junagadh,rtsp-live,live
2026-09-25T08:28:39+00:00,GJ03HR0416,GJO3HR0416,0.93,car,cam06,GSRTC,06 Timbavadi gate-Junagadh,rtsp-live,live
2026-09-25T08:28:39+00:00,GJ03BY9234,GJ038Y9234,0.96,truck,cam06,GSRTC,06 Timbavadi gate-Junagadh,rtsp-live,live
2026-09-25T08:28:21+00:00,GJ18BL4660,GJ188L4660,0.93,car,cam06,GSRTC,06 Timbavadi gate-Junagadh,rtsp-live,live
2026-09-25T08:27:14+00:00,GJ03JR8399,"""GJ03JR8399",0.98,bus,cam06,GSRTC,06 Timbavadi gate-Junagadh,rtsp-live,live
2026-09-25T08:26:52+00:00,GJ03LG9656,GJ03L69656,0.90,car,cam06,GSRTC,06 Timbavadi gate-Junagadh,rtsp-live,live
2026-09-25T08:26:42+00:00,GJ18BH7584,GJ188H7584,0.93,car,cam06,GSRTC,06 Timbavadi gate-Junagadh,rtsp-live,live
2026-09-25T08:25:27+00:00,GJ05BZ1174,GJ.05.BZ.1174,0.94,motorcycle,cam06,GSRTC,06 Timbavadi gate-Junagadh,rtsp-live,live
2026-09-25T08:20:36+00:00,GJ11BR8190,6J118R8190,0.93,car,cam06,GSRTC,06 Timbavadi gate-Junagadh,rtsp-live,live
2026-09-25T08:20:04+00:00,GJ03PO2863,6.J03P02863,0.88,car,cam06,GSRTC,06 Timbavadi gate-Junagadh,rtsp-live,live
2026-09-25T08:19:51+00:00,GJ05JF6480,6J05JF6480,0.93,car,cam06,GSRTC,06 Timbavadi gate-Junagadh,rtsp-live,live
2026-09-25T08:19:04+00:00,GJ11BH2735,GJ11BH2735,0.64,motorcycle,cam06,GSRTC,06 Timbavadi gate-Junagadh,rtsp-live,live
2026-09-25T08:19:00+00:00,GJ37AB9445,GJ37AB9445,0.93,motorcycle,cam06,GSRTC,06 Timbavadi gate-Junagadh,rtsp-live,live
2026-09-25T08:14:31+00:00,GJ23H1546,6J23H1546,0.95,truck,cam06,GSRTC,06 Timbavadi gate-Junagadh,rtsp-live,live
2026-09-25T08:12:48+00:00,GJ01HM7952,GJO1HM7952,0.95,bus,cam06,GSRTC,06 Timbavadi gate-Junagadh,rtsp-live,live
2026-09-25T08:12:12+00:00,GJ03FX8807,GJ03FX8807,0.91,motorcycle,cam06,GSRTC,06 Timbavadi gate-Junagadh,rtsp-live,live
2026-09-25T08:11:45+00:00,GJ11S7924,6J11S7924,0.94,bus,cam06,GSRTC,06 Timbavadi gate-Junagadh,rtsp-live,live
2026-09-25T08:11:21+00:00,GJ23H1546,6J23H1546,0.99,bus,cam06,GSRTC,06 Timbavadi gate-Junagadh,rtsp-live,live
2026-09-25T08:09:44+00:00,GJ11S7924,GJ11S7924,0.95,truck,cam06,GSRTC,06 Timbavadi gate-Junagadh,rtsp-live,live
2026-09-25T06:05:08+00:00,MH02EZ1785,MH02E21785,0.86,car,local01,Police,"Sample feed 1 - Kh Rd gate (stock footage, seeded coordinates)",rtsp-live,live
2026-09-25T06:05:08+00:00,AN46Z0518,AN 46 20518,0.68,truck,local01,Police,"Sample feed 1 - Kh Rd gate (stock footage, seeded coordinates)",rtsp-live,live
2026-09-25T06:05:03+00:00,MH01EN2769,MHO1EN2769,0.82,car,local01,Police,"Sample feed 1 - Kh Rd gate (stock footage, seeded coordinates)",rtsp-live,live
2026-09-25T06:04:57+00:00,AN01CS6183,AN01C56183,0.76,car,local01,Police,"Sample feed 1 - Kh Rd gate (stock footage, seeded coordinates)",rtsp-live,live
2026-09-25T06:04:44+00:00,MH47GL7100,MH476L7100,0.81,truck,local01,Police,"Sample feed 1 - Kh Rd gate (stock footage, seeded coordinates)",rtsp-live,live
2026-09-25T06:04:33+00:00,MH47O6110,MH470 6110,0.88,car,local01,Police,"Sample feed 1 - Kh Rd gate (stock footage, seeded coordinates)",rtsp-live,live
2026-09-25T06:03:53+00:00,MH01DE2432,MHO1DE 2432,0.94,car,local01,Police,"Sample feed 1 - Kh Rd gate (stock footage, seeded coordinates)",rtsp-live,live
2026-09-25T06:03:37+00:00,GJ32K9985,GJ32K 9985,0.96,car,cam06,GSRTC,06 Timbavadi gate-Junagadh,rtsp-live,live
2026-09-25T06:03:37+00:00,22BH0641B,228H06418,0.86,car,local01,Police,"Sample feed 1 - Kh Rd gate (stock footage, seeded coordinates)",rtsp-live,live
2026-09-25T06:03:37+00:00,MH01CR9743,MH.01.CR9743,0.79,car,local01,Police,"Sample feed 1 - Kh Rd gate (stock footage, seeded coordinates)",rtsp-live,live
2026-09-25T06:03:30+00:00,MH02EZ1785,MH02E21785,0.82,truck,local01,Police,"Sample feed 1 - Kh Rd gate (stock footage, seeded coordinates)",rtsp-live,live
2026-09-25T06:03:05+00:00,GJ18BB5253,'-GJ18885253,0.92,car,cam06,GSRTC,06 Timbavadi gate-Junagadh,rtsp-live,live
2026-09-25T06:03:03+00:00,MH46OS1943,MH.46.051943,0.61,truck,local01,Police,"Sample feed 1 - Kh Rd gate (stock footage, seeded coordinates)",rtsp-live,live
2026-09-25T06:03:03+00:00,MN02EZ1785,MN02E21785,0.80,car,local01,Police,"Sample feed 1 - Kh Rd gate (stock footage, seeded coordinates)",rtsp-live,live
2026-09-25T06:03:03+00:00,MH04NM9903,MH 04 NM 9903,0.50,motorcycle,local01,Police,"Sample feed 1 - Kh Rd gate (stock footage, seeded coordinates)",rtsp-live,live
2026-09-25T06:03:03+00:00,MH46OF1943,MH.46.0F1943,0.87,car,local01,Police,"Sample feed 1 - Kh Rd gate (stock footage, seeded coordinates)",rtsp-live,live
2026-09-25T06:02:43+00:00,MH03EC8360,MH03EC8360,0.67,motorcycle,local01,Police,"Sample feed 1 - Kh Rd gate (stock footage, seeded coordinates)",rtsp-live,live
2026-09-25T06:02:43+00:00,MH02FC0919,MH02FC0919,0.92,car,local01,Police,"Sample feed 1 - Kh Rd gate (stock footage, seeded coordinates)",rtsp-live,live
2026-09-25T06:02:25+00:00,MH02FY4009,MH02FY4009,0.97,truck,local01,Police,"Sample feed 1 - Kh Rd gate (stock footage, seeded coordinates)",rtsp-live,live
2026-09-25T06:02:10+00:00,MH47BF5485,MH478F5485,0.89,truck,local01,Police,"Sample feed 1 - Kh Rd gate (stock footage, seeded coordinates)",rtsp-live,live
2026-09-25T06:02:10+00:00,MH02EZ1785,MH02E21785,0.80,car,local01,Police,"Sample feed 1 - Kh Rd gate (stock footage, seeded coordinates)",rtsp-live,live
2026-09-25T06:01:51+00:00,MN03EG8360,MN03EG8360,0.83,bus,local01,Police,"Sample feed 1 - Kh Rd gate (stock footage, seeded coordinates)",rtsp-live,live
2026-09-25T06:01:16+00:00,MN01EW2759,'-MN01EW2759,0.74,motorcycle,local01,Police,"Sample feed 1 - Kh Rd gate (stock footage, seeded coordinates)",rtsp-live,live
2026-09-25T06:01:16+00:00,MH48OO9890,MH48009890,0.78,truck,local01,Police,"Sample feed 1 - Kh Rd gate (stock footage, seeded coordinates)",rtsp-live,live
2026-09-25T06:00:34+00:00,MH47O2882,MH4702882,0.97,truck,local01,Police,"Sample feed 1 - Kh Rd gate (stock footage, seeded coordinates)",rtsp-live,live
2026-09-25T06:00:34+00:00,MH02EZ1785,MH02E21785,0.91,car,local01,Police,"Sample feed 1 - Kh Rd gate (stock footage, seeded coordinates)",rtsp-live,live
2026-09-25T06:00:27+00:00,MH02EP3623,MHOZEP3623,0.83,truck,local01,Police,"Sample feed 1 - Kh Rd gate (stock footage, seeded coordinates)",rtsp-live,live
2026-09-25T06:00:21+00:00,MH01DE2432,MH01DE2432,0.92,car,local01,Police,"Sample feed 1 - Kh Rd gate (stock footage, seeded coordinates)",rtsp-live,live
2026-09-25T06:00:16+00:00,MN02FI9304,MNQ2F19304,0.81,car,local01,Police,"Sample feed 1 - Kh Rd gate (stock footage, seeded coordinates)",rtsp-live,live
2026-09-25T05:59:52+00:00,GJ23H1546,GJ23H1546,1.00,bus,cam06,GSRTC,06 Timbavadi gate-Junagadh,rtsp-live,live
2026-09-25T05:59:52+00:00,22BH0641B,228H06418,0.86,car,local01,Police,"Sample feed 1 - Kh Rd gate (stock footage, seeded coordinates)",rtsp-live,live
2026-09-25T05:59:48+00:00,MH02FC0319,MH02FC0319,0.86,car,local01,Police,"Sample feed 1 - Kh Rd gate (stock footage, seeded coordinates)",rtsp-live,live
2026-09-25T05:59:46+00:00,MH02,MH02,0.94,motorcycle,local01,Police,"Sample feed 1 - Kh Rd gate (stock footage, seeded coordinates)",rtsp-live,live
2026-09-25T05:59:39+00:00,MN02FI9760,MN02F19760,0.81,car,local01,Police,"Sample feed 1 - Kh Rd gate (stock footage, seeded coordinates)",rtsp-live,live
2026-09-25T05:59:21+00:00,MH02CW5145,MH.O2 CWS145,0.72,car,local01,Police,"Sample feed 1 - Kh Rd gate (stock footage, seeded coordinates)",rtsp-live,live
2026-09-25T05:59:16+00:00,MN48CO9890,MN48C09890,0.67,truck,local01,Police,"Sample feed 1 - Kh Rd gate (stock footage, seeded coordinates)",rtsp-live,live
2026-09-25T05:59:02+00:00,WB01OB6727,W801086727,0.81,car,local01,Police,"Sample feed 1 - Kh Rd gate (stock footage, seeded coordinates)",rtsp-live,live
2026-09-25T05:59:02+00:00,MH47BL7100,:MH47BL7.100,0.79,truck,local01,Police,"Sample feed 1 - Kh Rd gate (stock footage, seeded coordinates)",rtsp-live,live
2026-09-25T05:58:51+00:00,MH02FY4009,MH02FY4009,0.90,car,local01,Police,"Sample feed 1 - Kh Rd gate (stock footage, seeded coordinates)",rtsp-live,live
2026-09-25T05:58:28+00:00,MH02EZ1785,MH02E21785,0.93,car,local01,Police,"Sample feed 1 - Kh Rd gate (stock footage, seeded coordinates)",rtsp-live,live
2026-09-25T05:58:12+00:00,MH02GO7137,MH02G07137,0.86,truck,local01,Police,"Sample feed 1 - Kh Rd gate (stock footage, seeded coordinates)",rtsp-live,live
2026-09-25T05:57:55+00:00,MH02EZ9765,MH02EZ9765,0.87,car,local01,Police,"Sample feed 1 - Kh Rd gate (stock footage, seeded coordinates)",rtsp-live,live
2026-09-25T05:57:48+00:00,MH03EC8360,MH03EC8360,0.67,car,local01,Police,"Sample feed 1 - Kh Rd gate (stock footage, seeded coordinates)",rtsp-live,live
2026-09-25T05:57:38+00:00,GJ01HM7952,'-6J01HM7952,0.88,car,cam06,GSRTC,06 Timbavadi gate-Junagadh,rtsp-live,live
2026-09-25T05:57:37+00:00,MH20OO5890,MH20005890,0.62,car,local01,Police,"Sample feed 1 - Kh Rd gate (stock footage, seeded coordinates)",rtsp-live,live
2026-09-25T05:57:37+00:00,MN02FI9760,MN02F19760,0.85,car,local01,Police,"Sample feed 1 - Kh Rd gate (stock footage, seeded coordinates)",rtsp-live,live
2026-09-25T05:56:41+00:00,MH02FY4009,MH02FY4009,0.90,car,local01,Police,"Sample feed 1 - Kh Rd gate (stock footage, seeded coordinates)",rtsp-live,live
2026-09-25T05:56:30+00:00,GJ11S7924,GJ1157924,0.87,truck,cam06,GSRTC,06 Timbavadi gate-Junagadh,rtsp-live,live
2026-09-25T05:56:25+00:00,MH46OK1963,MH.460K1963,0.87,car,local01,Police,"Sample feed 1 - Kh Rd gate (stock footage, seeded coordinates)",rtsp-live,live
2026-09-25T05:56:25+00:00,MH48CO9990,MH48C09390,0.55,truck,local01,Police,"Sample feed 1 - Kh Rd gate (stock footage, seeded coordinates)",rtsp-live,live
2026-09-25T05:56:06+00:00,MH02FCO319,MH02FCO319,0.88,truck,local01,Police,"Sample feed 1 - Kh Rd gate (stock footage, seeded coordinates)",rtsp-live,live
2026-09-25T05:55:35+00:00,MH48CB4036,MH4BC84036,0.70,car,local01,Police,"Sample feed 1 - Kh Rd gate (stock footage, seeded coordinates)",rtsp-live,live
2026-09-25T05:55:30+00:00,MH03CB3032,MH 03 C8 3032,0.70,car,local01,Police,"Sample feed 1 - Kh Rd gate (stock footage, seeded coordinates)",rtsp-live,live
2026-09-25T05:55:30+00:00,MH46OS1943,MH.46.051943,0.89,truck,local01,Police,"Sample feed 1 - Kh Rd gate (stock footage, seeded coordinates)",rtsp-live,live
2026-09-25T05:55:30+00:00,MH01DE2432,MH01DE2432,0.92,truck,local01,Police,"Sample feed 1 - Kh Rd gate (stock footage, seeded coordinates)",rtsp-live,live
2026-09-25T05:55:30+00:00,MH01EN2769,MHO1EN2769,0.82,car,local01,Police,"Sample feed 1 - Kh Rd gate (stock footage, seeded coordinates)",rtsp-live,live
2026-09-25T05:55:23+00:00,MH22FI1003,MH22F11003,0.78,bus,local01,Police,"Sample feed 1 - Kh Rd gate (stock footage, seeded coordinates)",rtsp-live,live
2026-09-25T05:55:08+00:00,22BH0641B,228H06418,0.86,car,local01,Police,"Sample feed 1 - Kh Rd gate (stock footage, seeded coordinates)",rtsp-live,live
2026-09-25T05:55:02+00:00,MH02FC0319,MH02FC0319,0.86,car,local01,Police,"Sample feed 1 - Kh Rd gate (stock footage, seeded coordinates)",rtsp-live,live
2026-09-25T05:54:29+00:00,MH07EP3629,MH07EP3629,0.87,truck,local01,Police,"Sample feed 1 - Kh Rd gate (stock footage, seeded coordinates)",rtsp-live,live
2026-09-25T05:53:59+00:00,MH47O2882,MH4702882,0.90,truck,local01,Police,"Sample feed 1 - Kh Rd gate (stock footage, seeded coordinates)",rtsp-live,live
2026-09-25T05:53:35+00:00,MN02FI9304,MN02F19304,0.80,truck,local01,Police,"Sample feed 1 - Kh Rd gate (stock footage, seeded coordinates)",rtsp-live,live
2026-09-25T05:53:26+00:00,MH02E1995,MH02E1995,0.78,car,local01,Police,"Sample feed 1 - Kh Rd gate (stock footage, seeded coordinates)",rtsp-live,live
2026-09-25T05:53:18+00:00,MH02FC0519,MHOZFCOS19,0.77,car,local01,Police,"Sample feed 1 - Kh Rd gate (stock footage, seeded coordinates)",rtsp-live,live
2026-09-25T05:53:10+00:00,MH03EC8360,MH03EC8360,0.67,motorcycle,local01,Police,"Sample feed 1 - Kh Rd gate (stock footage, seeded coordinates)",rtsp-live,live
2026-09-25T05:52:49+00:00,MH02EZ1785,MHO2E21785,0.87,car,local01,Police,"Sample feed 1 - Kh Rd gate (stock footage, seeded coordinates)",rtsp-live,live
2026-09-25T05:52:23+00:00,MH02EP3629,MHO2EP3629,0.90,car,local01,Police,"Sample feed 1 - Kh Rd gate (stock footage, seeded coordinates)",rtsp-live,live
2026-09-25T05:52:23+00:00,MH03OE8821,'-MHO30E8821,0.72,car,local01,Police,"Sample feed 1 - Kh Rd gate (stock footage, seeded coordinates)",rtsp-live,live
2026-09-25T05:52:17+00:00,MN03EG8360,MN03EG8360,0.56,car,local01,Police,"Sample feed 1 - Kh Rd gate (stock footage, seeded coordinates)",rtsp-live,live
2026-09-25T05:52:01+00:00,MH02FG0919,MH02FG0919,0.94,car,local01,Police,"Sample feed 1 - Kh Rd gate (stock footage, seeded coordinates)",rtsp-live,live
2026-09-25T05:52:01+00:00,MH02FI3243,MH02F13243,0.89,car,local01,Police,"Sample feed 1 - Kh Rd gate (stock footage, seeded coordinates)",rtsp-live,live
2026-09-25T05:51:44+00:00,MH02EZ1785,MHO2E21785,0.88,car,local01,Police,"Sample feed 1 - Kh Rd gate (stock footage, seeded coordinates)",rtsp-live,live
2026-09-25T05:51:44+00:00,MH02GB4920,MH02G84920,0.88,truck,local01,Police,"Sample feed 1 - Kh Rd gate (stock footage, seeded coordinates)",rtsp-live,live
2026-09-25T05:51:44+00:00,MH03DR6727,MHO3DR6727,0.81,car,local01,Police,"Sample feed 1 - Kh Rd gate (stock footage, seeded coordinates)",rtsp-live,live
2026-09-25T05:51:42+00:00,GJ03PO2863,6.J03P02863,0.88,car,cam06,GSRTC,06 Timbavadi gate-Junagadh,rtsp-live,live
2026-09-25T05:51:37+00:00,GJ25AA4345,'-GJ25AA4345,0.98,bus,cam06,GSRTC,06 Timbavadi gate-Junagadh,rtsp-live,live
2026-09-25T05:51:19+00:00,MH47BL7100,MH47BL7100,0.91,car,local01,Police,"Sample feed 1 - Kh Rd gate (stock footage, seeded coordinates)",rtsp-live,live
2026-09-25T05:50:40+00:00,MH02EZ1785,MH02E21785,0.82,car,local01,Police,"Sample feed 1 - Kh Rd gate (stock footage, seeded coordinates)",rtsp-live,live
2026-09-25T05:50:40+00:00,MH49CO9890,MH49C09890,0.81,truck,local01,Police,"Sample feed 1 - Kh Rd gate (stock footage, seeded coordinates)",rtsp-live,live
2026-09-25T05:50:12+00:00,MH02FC0319,MH02FC0319,0.86,truck,local01,Police,"Sample feed 1 - Kh Rd gate (stock footage, seeded coordinates)",rtsp-live,live
2026-09-25T05:49:49+00:00,MH02FI9384,MH02F19384,0.82,car,local01,Police,"Sample feed 1 - Kh Rd gate (stock footage, seeded coordinates)",rtsp-live,live
2026-09-25T05:49:49+00:00,MH47BF5485,MH478F5485,0.86,car,local01,Police,"Sample feed 1 - Kh Rd gate (stock footage, seeded coordinates)",rtsp-live,live
2026-09-25T05:49:40+00:00,MH07EP3629,MH07EP3629,0.87,truck,local01,Police,"Sample feed 1 - Kh Rd gate (stock footage, seeded coordinates)",rtsp-live,live
2026-09-25T05:49:13+00:00,GJ11BH0417,GJ118H0417,0.98,car,cam06,GSRTC,06 Timbavadi gate-Junagadh,rtsp-live,live
2026-09-25T05:49:06+00:00,MH47O2882,MH4702882,0.95,bus,local01,Police,"Sample feed 1 - Kh Rd gate (stock footage, seeded coordinates)",rtsp-live,live
2026-09-25T05:48:48+00:00,MN46Z0518,MN 46 2 0518,0.73,truck,local01,Police,"Sample feed 1 - Kh Rd gate (stock footage, seeded coordinates)",rtsp-live,live
2026-09-25T05:48:48+00:00,MN02EZ1785,MN02E21785,0.85,car,local01,Police,"Sample feed 1 - Kh Rd gate (stock footage, seeded coordinates)",rtsp-live,live
2026-09-25T05:48:38+00:00,MN03EC3633,MNO3EC3633,0.75,car,local01,Police,"Sample feed 1 - Kh Rd gate (stock footage, seeded coordinates)",rtsp-live,live
2026-09-25T05:48:06+00:00,MN02FI9760,MN02F19760,0.85,car,local01,Police,"Sample feed 1 - Kh Rd gate (stock footage, seeded coordinates)",rtsp-live,live
2026-09-25T05:48:06+00:00,MH01EV2769,MH01EV2769,0.80,car,local01,Police,"Sample feed 1 - Kh Rd gate (stock footage, seeded coordinates)",rtsp-live,live
2026-09-25T05:48:06+00:00,MH28CO9890,MH28C09890,0.59,car,local01,Police,"Sample feed 1 - Kh Rd gate (stock footage, seeded coordinates)",rtsp-live,live
2026-09-25T05:48:06+00:00,MH02EP3629,MH02EP3629,0.91,car,local01,Police,"Sample feed 1 - Kh Rd gate (stock footage, seeded coordinates)",rtsp-live,live
2026-09-25T05:47:03+00:00,MH28CO9390,MH28C09390,0.65,truck,local01,Police,"Sample feed 1 - Kh Rd gate (stock footage, seeded coordinates)",rtsp-live,live
2026-09-25T05:47:03+00:00,MH02EZ1785,MH02E21785,0.80,car,local01,Police,"Sample feed 1 - Kh Rd gate (stock footage, seeded coordinates)",rtsp-live,live
2026-09-25T05:46:59+00:00,MH02FI9384,MH02F19384,0.56,car,local01,Police,"Sample feed 1 - Kh Rd gate (stock footage, seeded coordinates)",rtsp-live,live
2026-09-25T05:46:44+00:00,MH02EP3629,MHO2EP3629,0.88,truck,local01,Police,"Sample feed 1 - Kh Rd gate (stock footage, seeded coordinates)",rtsp-live,live
2026-09-25T05:46:24+00:00,GJ11S7924,GJ11S7924,0.90,truck,cam06,GSRTC,06 Timbavadi gate-Junagadh,rtsp-live,live
2026-09-25T05:46:06+00:00,GJ23H1546,GJ23H1546,0.97,truck,cam06,GSRTC,06 Timbavadi gate-Junagadh,rtsp-live,live
2026-09-25T05:46:04+00:00,MN02FI5050,MN02F15050,0.73,car,local01,Police,"Sample feed 1 - Kh Rd gate (stock footage, seeded coordinates)",rtsp-live,live
2026-09-25T05:46:04+00:00,MH46OS1943,MH.46.051943,0.89,truck,local01,Police,"Sample feed 1 - Kh Rd gate (stock footage, seeded coordinates)",rtsp-live,live
2026-09-25T05:46:04+00:00,MN02EZ1785,MN02E21785,0.83,car,local01,Police,"Sample feed 1 - Kh Rd gate (stock footage, seeded coordinates)",rtsp-live,live
2026-09-25T05:46:04+00:00,MH02EP3623,MHOZEP3623,0.50,truck,local01,Police,"Sample feed 1 - Kh Rd gate (stock footage, seeded coordinates)",rtsp-live,live
2026-09-25T05:45:36+00:00,MH47BL7100,MH47BL7100,0.93,car,local01,Police,"Sample feed 1 - Kh Rd gate (stock footage, seeded coordinates)",rtsp-live,live
2026-09-25T05:45:24+00:00,MH02EP3629,MHO2EP3629,0.97,car,local01,Police,"Sample feed 1 - Kh Rd gate (stock footage, seeded coordinates)",rtsp-live,live
2026-09-25T05:45:19+00:00,MH02EZ1785,MH02E21785,0.84,car,local01,Police,"Sample feed 1 - Kh Rd gate (stock footage, seeded coordinates)",rtsp-live,live
2026-09-25T05:45:19+00:00,MN48CO9890,MN48C09890,0.48,car,local01,Police,"Sample feed 1 - Kh Rd gate (stock footage, seeded coordinates)",rtsp-live,live
2026-09-25T05:44:21+00:00,MH47O2882,MH4702882,0.90,car,local01,Police,"Sample feed 1 - Kh Rd gate (stock footage, seeded coordinates)",rtsp-live,live
2026-09-25T05:44:09+00:00,MH48CO9890,MH48C09890,0.69,truck,local01,Police,"Sample feed 1 - Kh Rd gate (stock footage, seeded coordinates)",rtsp-live,live
2026-09-25T05:44:09+00:00,MH01DE2432,MHO1DE 2432,0.90,car,local01,Police,"Sample feed 1 - Kh Rd gate (stock footage, seeded coordinates)",rtsp-live,live
2026-09-25T05:44:09+00:00,MH02EZ1785,MH02E21785,0.85,car,local01,Police,"Sample feed 1 - Kh Rd gate (stock footage, seeded coordinates)",rtsp-live,live
2026-09-25T05:44:09+00:00,MH02EK1995,MH02EK1995,0.88,truck,local01,Police,"Sample feed 1 - Kh Rd gate (stock footage, seeded coordinates)",rtsp-live,live
2026-09-25T05:44:00+00:00,22BH0621B,228H06218,0.78,car,local01,Police,"Sample feed 1 - Kh Rd gate (stock footage, seeded coordinates)",rtsp-live,live
2026-09-25T05:43:32+00:00,MH03EC8360,MH03EC8360,0.67,car,local01,Police,"Sample feed 1 - Kh Rd gate (stock footage, seeded coordinates)",rtsp-live,live
2026-09-25T05:43:19+00:00,GJ11CH4401,GJ11CH4401,0.87,car,cam06,GSRTC,06 Timbavadi gate-Junagadh,rtsp-live,live
2026-09-25T05:43:01+00:00,CH01ER4753,CH01ER4753,0.71,car,local01,Police,"Sample feed 1 - Kh Rd gate (stock footage, seeded coordinates)",rtsp-live,live
2026-09-25T05:43:01+00:00,MH40CO9890,MH40C09890,0.84,truck,local01,Police,"Sample feed 1 - Kh Rd gate (stock footage, seeded coordinates)",rtsp-live,live
2026-09-25T05:42:43+00:00,MH02EZ9765,MH0ZE29765,0.71,truck,local01,Police,"Sample feed 1 - Kh Rd gate (stock footage, seeded coordinates)",rtsp-live,live
2026-09-25T05:42:15+00:00,MH28CO9390,MH28C09390,0.65,truck,local01,Police,"Sample feed 1 - Kh Rd gate (stock footage, seeded coordinates)",rtsp-live,live
2026-09-25T05:42:15+00:00,MH01EB5916,MHO1E8S916,0.80,car,local01,Police,"Sample feed 1 - Kh Rd gate (stock footage, seeded coordinates)",rtsp-live,live
2026-09-25T05:42:02+00:00,MH01DE2432,MHO1DE2432,0.91,car,local01,Police,"Sample feed 1 - Kh Rd gate (stock footage, seeded coordinates)",rtsp-live,live
2026-09-25T05:41:54+00:00,MH03DR6727,MHO3DR6727,0.81,car,local01,Police,"Sample feed 1 - Kh Rd gate (stock footage, seeded coordinates)",rtsp-live,live
2026-09-25T05:41:48+00:00,GJ11CH0340,'-GJ11CH0340,0.98,motorcycle,cam06,GSRTC,06 Timbavadi gate-Junagadh,rtsp-live,live
2026-09-25T05:41:47+00:00,MH02EK1995,MH02EK1995,0.93,car,local01,Police,"Sample feed 1 - Kh Rd gate (stock footage, seeded coordinates)",rtsp-live,live
2026-09-25T05:41:47+00:00,MH48AC6694,MH48AC6694,0.69,truck,local01,Police,"Sample feed 1 - Kh Rd gate (stock footage, seeded coordinates)",rtsp-live,live
2026-09-25T05:41:47+00:00,22BH0641B,228H06418,0.85,car,local01,Police,"Sample feed 1 - Kh Rd gate (stock footage, seeded coordinates)",rtsp-live,live
2026-09-25T05:41:47+00:00,MH03EC8360,MH03EC8360,0.89,truck,local01,Police,"Sample feed 1 - Kh Rd gate (stock footage, seeded coordinates)",rtsp-live,live
2026-09-25T05:41:17+00:00,MH02EZ1785,MH02E21785,0.88,car,local01,Police,"Sample feed 1 - Kh Rd gate (stock footage, seeded coordinates)",rtsp-live,live
2026-09-25T05:41:05+00:00,MH49CO9890,MH49C09890,0.81,truck,local01,Police,"Sample feed 1 - Kh Rd gate (stock footage, seeded coordinates)",rtsp-live,live
2026-09-25T05:41:02+00:00,MN03EC3689,MN03EC3689,0.70,truck,local01,Police,"Sample feed 1 - Kh Rd gate (stock footage, seeded coordinates)",rtsp-live,live
2026-09-25T05:41:02+00:00,MH22FI1003,MH22F11003,0.78,car,local01,Police,"Sample feed 1 - Kh Rd gate (stock footage, seeded coordinates)",rtsp-live,live
2026-09-25T05:40:41+00:00,24BH5283O,248H52830,0.84,car,local01,Police,"Sample feed 1 - Kh Rd gate (stock footage, seeded coordinates)",rtsp-live,live
2026-09-25T05:40:33+00:00,MH47O2882,MH4702882,0.89,car,local01,Police,"Sample feed 1 - Kh Rd gate (stock footage, seeded coordinates)",rtsp-live,live
2026-09-25T05:40:16+00:00,GJ03PB5082,GJ03P85082,0.90,car,cam06,GSRTC,06 Timbavadi gate-Junagadh,rtsp-live,live
2026-09-25T05:40:16+00:00,MN46Z8518,MN 4628518,0.74,truck,local01,Police,"Sample feed 1 - Kh Rd gate (stock footage, seeded coordinates)",rtsp-live,live
2026-09-25T05:40:16+00:00,MN02EZ1785,MNO2E2178S,0.77,car,local01,Police,"Sample feed 1 - Kh Rd gate (stock footage, seeded coordinates)",rtsp-live,live
2026-09-25T05:40:03+00:00,MH01DE2432,MHO1DE 2432,0.94,car,local01,Police,"Sample feed 1 - Kh Rd gate (stock footage, seeded coordinates)",rtsp-live,live
2026-09-25T05:39:51+00:00,MH47BL7100,:MH47BL7.100,0.79,car,local01,Police,"Sample feed 1 - Kh Rd gate (stock footage, seeded coordinates)",rtsp-live,live
2026-09-25T05:38:28+00:00,GJ03ER8216,GJ03ER8216,0.97,car,cam06,GSRTC,06 Timbavadi gate-Junagadh,rtsp-live,live
